[2026-06-17T00:25:58.078] [DEBUG] debug-file - Update task entry:default@CollectDebugSymbol input file:E:\lezihuawei\target\entry\build\default\intermediates\libs\default cache by regenerate.
[2026-06-17T00:25:58.078] [DEBUG] debug-file - Update task entry:default@CollectDebugSymbol output file:E:\lezihuawei\target\entry\build\default\outputs\default\symbol cache.
[2026-06-17T00:25:58.079] [DEBUG] debug-file - Incremental task entry:default@CollectDebugSymbol post-execution cost:2 ms .
[2026-06-17T00:25:58.095] [DEBUG] debug-file - Cleanup worker 18.
[2026-06-17T00:25:58.095] [DEBUG] debug-file - Worker 18 has been cleaned up.
[2026-06-17T00:25:58.095] [DEBUG] debug-file - Current idle worker size: 1.
[2026-06-17T00:25:58.095] [DEBUG] debug-file - Current resident worker size: 2.
[2026-06-17T00:25:58.095] [DEBUG] debug-file - hvigor build process will be closed.
[2026-06-17T00:25:58.096] [DEBUG] debug-file - java daemon socket close code:1000 reason:close by user
[2026-06-17T00:25:58.099] [DEBUG] debug-file - session manager: send message to worker process.
[2026-06-17T00:25:58.100] [DEBUG] debug-file - session manager: send message to worker process.
[2026-06-17T00:25:58.099] [DEBUG] debug-file - watch worker: worker id should be larger than 0. Nothing will be sent to any worker thread.
[2026-06-17T00:25:58.100] [DEBUG] debug-file - watch worker: worker id should be larger than 0. Nothing will be sent to any worker thread.
[2026-06-17T00:25:58.101] [DEBUG] debug-file - worker[18] exits with exit code 1.
[2026-06-17T00:42:24.430] [DEBUG] debug-file - session manager: set active socket. socketId=ZnMX3cb0Z22HZuNXAAAV
[2026-06-17T00:42:24.442] [DEBUG] debug-file - watch worker: worker id should be larger than 0. Nothing will be sent to any worker thread.
[2026-06-17T00:42:24.444] [DEBUG] debug-file - Workers' log level updated to INFO
[2026-06-17T00:42:24.445] [DEBUG] debug-file - Hvigor init with startParameters:{
  hvigorfileTypeCheck: false,
  parallelExecution: true,
  incrementalExecution: true,
  printStackTrace: false,
  daemon: true,
  analyze: 0,
  logLevel: Level { level: 20000, levelStr: 'INFO', colour: 'green' },
  optimizationStrategy: 'memory',
  hotCompile: undefined,
  hotReloadBuild: undefined,
  customizedParam: undefined
}
[2026-06-17T00:42:24.447] [DEBUG] debug-file - Cache service initialization finished in 2 ms 
[2026-06-17T00:42:24.448] [DEBUG] debug-file - hvigorfile, resolving E:\lezihuawei\target\hvigorfile.ts
[2026-06-17T00:42:24.451] [DEBUG] debug-file - hvigorfile, require result:  {}
[2026-06-17T00:42:24.451] [DEBUG] debug-file - hvigorfile, binding system plugins {}
[2026-06-17T00:42:24.451] [DEBUG] debug-file - Starting plugin build process
[2026-06-17T00:42:24.451] [DEBUG] debug-file - App plugin prepare start...
[2026-06-17T00:42:24.451] [DEBUG] debug-file - App plugin prepare end...
[2026-06-17T00:42:24.451] [DEBUG] debug-file - App plugin creating...
[2026-06-17T00:42:24.455] [DEBUG] debug-file - App plugin register hook start...
[2026-06-17T00:42:24.455] [DEBUG] debug-file - App plugin register hook end...
[2026-06-17T00:42:24.455] [DEBUG] debug-file - Plugin build process completed
[2026-06-17T00:42:24.455] [DEBUG] debug-file - Start initialize project's product build option map with build mode debug.
[2026-06-17T00:42:24.455] [DEBUG] debug-file - Picking option from product 'default' with build mode 'debug'.
[2026-06-17T00:42:24.455] [DEBUG] debug-file - Product 'default' build option initialized
[2026-06-17T00:42:24.455] [DEBUG] debug-file - End initialize project's product build option map with build mode 'debug'.
[2026-06-17T00:42:24.456] [DEBUG] debug-file - Obtain build option for product 'default'in this build.
[2026-06-17T00:42:24.456] [DEBUG] debug-file - E:\lezihuawei\target\build\cache\default\remote_hsp\remoteHspCache.json not exists.
[2026-06-17T00:42:24.458] [DEBUG] debug-file - Start recording SDK configuration permission data.
[2026-06-17T00:42:24.473] [DEBUG] debug-file - Sdk init in 16 ms 
[2026-06-17T00:42:24.475] [DEBUG] debug-file - Project task initialization takes 2 ms 
[2026-06-17T00:42:24.475] [DEBUG] debug-file - hvigorfile, resolve finished E:\lezihuawei\target\hvigorfile.ts
[2026-06-17T00:42:24.475] [DEBUG] debug-file - hvigorfile, resolving E:\lezihuawei\target\entry\hvigorfile.ts
[2026-06-17T00:42:24.477] [DEBUG] debug-file - hvigorfile, require result:  {}
[2026-06-17T00:42:24.477] [DEBUG] debug-file - hvigorfile, binding system plugins {}
[2026-06-17T00:42:24.477] [DEBUG] debug-file - Starting plugin build process
[2026-06-17T00:42:24.477] [DEBUG] debug-file - Hap plugin creating...
[2026-06-17T00:42:24.478] [DEBUG] debug-file - failed to load cangjie to dynamically generate schemas: Error: Cannot find module '@ohos/cangjie-build-support/index'
Require stack:
- E:\DevEco Studio\tools\hvigor\hvigor-ohos-plugin\src\plugin\hooks\cangjie-register.js
- E:\DevEco Studio\tools\hvigor\hvigor-ohos-plugin\src\plugin\strategy\stage-init-strategy.js
- E:\DevEco Studio\tools\hvigor\hvigor-ohos-plugin\src\plugin\builder\abstract-plugin-builder.js
- E:\DevEco Studio\tools\hvigor\hvigor-ohos-plugin\src\plugin\builder\app-plugin-builder.js
- E:\DevEco Studio\tools\hvigor\hvigor-ohos-plugin\src\plugin\factory\plugin-factory.js
- E:\DevEco Studio\tools\hvigor\hvigor-ohos-plugin\index.js
- E:\lezihuawei\target\hvigorfile.ts
- E:\DevEco Studio\tools\hvigor\hvigor\src\base\internal\lifecycle\configuration.js
- E:\DevEco Studio\tools\hvigor\hvigor\src\base\boot\index.js
- E:\DevEco Studio\tools\hvigor\hvigor\src\base\daemon\cluster\worker-process-lifecycle.js
- E:\DevEco Studio\tools\hvigor\hvigor\src\base\daemon\process\daemon-process-boot-script.js
[2026-06-17T00:42:24.480] [DEBUG] debug-file - Start initialize module-target build option map, moduleName=entry, buildMode=debug
[2026-06-17T00:42:24.480] [DEBUG] debug-file - Target 'default' config initialized
[2026-06-17T00:42:24.480] [DEBUG] debug-file - Module 'entry' target 'default' build option initialized
[2026-06-17T00:42:24.480] [DEBUG] debug-file - End initialize module-target build option map, moduleName=entry
[2026-06-17T00:42:24.480] [DEBUG] debug-file - Start initialize module-target build option map, moduleName=entry, buildMode=release
[2026-06-17T00:42:24.480] [DEBUG] debug-file - Target 'default' config initialized
[2026-06-17T00:42:24.481] [DEBUG] debug-file - Module 'entry' target 'default' build option initialized
[2026-06-17T00:42:24.481] [DEBUG] debug-file - End initialize module-target build option map, moduleName=entry
[2026-06-17T00:42:24.481] [DEBUG] debug-file - Start initialize module-target build option map, moduleName=entry, buildMode=debug
[2026-06-17T00:42:24.481] [DEBUG] debug-file - Target 'default' config initialized
[2026-06-17T00:42:24.481] [DEBUG] debug-file - Module 'entry' target 'default' build option initialized
[2026-06-17T00:42:24.481] [DEBUG] debug-file - End initialize module-target build option map, moduleName=entry
[2026-06-17T00:42:24.481] [DEBUG] debug-file - Obtain build option for module 'entry' target 'default'in this build.
[2026-06-17T00:42:24.482] [DEBUG] debug-file - Module entry task initialization takes 1 ms 
[2026-06-17T00:42:24.482] [DEBUG] debug-file - Hap plugin register hook start...
[2026-06-17T00:42:24.482] [DEBUG] debug-file - Hap plugin register hook end...
[2026-06-17T00:42:24.482] [DEBUG] debug-file - Plugin build process completed
[2026-06-17T00:42:24.482] [DEBUG] debug-file - hvigorfile, resolve finished E:\lezihuawei\target\entry\hvigorfile.ts
[2026-06-17T00:42:24.493] [DEBUG] debug-file - hvigorfile, resolve hvigorfile dependencies in 12 ms 
[2026-06-17T00:42:24.493] [DEBUG] debug-file - project has submodules:entry
[2026-06-17T00:42:24.494] [DEBUG] debug-file - start to load updatedOhPackageInfo to the disk
[2026-06-17T00:42:24.497] [DEBUG] debug-file - load to the disk finished
[2026-06-17T00:42:24.498] [DEBUG] debug-file - Start to initialize dependency information.
[2026-06-17T00:42:24.498] [DEBUG] debug-file - Module target Collected Dependency: 
[2026-06-17T00:42:24.498] [DEBUG] debug-file - Module target's total dependency: 0
[2026-06-17T00:42:24.499] [DEBUG] debug-file - Start to initialize dependency information.
[2026-06-17T00:42:24.500] [DEBUG] debug-file - Module entry Collected Dependency: 
[2026-06-17T00:42:24.500] [DEBUG] debug-file - Module entry's total dependency: 0
[2026-06-17T00:42:24.501] [DEBUG] debug-file - Configuration phase cost:54 ms 
[2026-06-17T00:42:24.501] [DEBUG] debug-file - Configuration task cost before running: 58 ms 
[2026-06-17T00:42:24.504] [DEBUG] debug-file - Executing task :entry:default@PreBuild
[2026-06-17T00:42:24.504] [DEBUG] debug-file - Task 'entry:default@PreBuild' cost while wrapping incremental declarations: 1 ms 
[2026-06-17T00:42:24.508] [DEBUG] debug-file - Incremental task entry:default@PreBuild pre-execution cost: 3 ms .
[2026-06-17T00:42:24.508] [DEBUG] debug-file - entry : default@PreBuild cost memory 0.2789764404296875
[2026-06-17T00:42:24.510] [INFO] debug-file - UP-TO-DATE :entry:default@PreBuild...  
[2026-06-17T00:42:24.510] [DEBUG] debug-file - Executing task :entry:default@CreateModuleInfo
[2026-06-17T00:42:24.510] [DEBUG] debug-file - Task 'entry:default@CreateModuleInfo' cost while wrapping incremental declarations: 1 ms 
[2026-06-17T00:42:24.511] [DEBUG] debug-file - entry : default@CreateModuleInfo cost memory 0.03966522216796875
[2026-06-17T00:42:24.511] [DEBUG] debug-file - runTaskFromQueue task cost before running: 67 ms 
[2026-06-17T00:42:24.511] [INFO] debug-file - Finished :entry:default@CreateModuleInfo... after 1 ms 
[2026-06-17T00:42:24.513] [DEBUG] debug-file - Executing task :entry:default@GenerateMetadata
[2026-06-17T00:42:24.513] [DEBUG] debug-file - Task 'entry:default@GenerateMetadata' cost while wrapping incremental declarations: 1 ms 
[2026-06-17T00:42:24.513] [DEBUG] debug-file - entry:default@GenerateMetadata is not up-to-date, since the output file 'E:\lezihuawei\target\entry\build\default\intermediates\hap_metadata\default\output_metadata.json' does not exist.
[2026-06-17T00:42:24.513] [DEBUG] debug-file - Incremental task entry:default@GenerateMetadata pre-execution cost: 1 ms .
[2026-06-17T00:42:24.514] [DEBUG] debug-file - entry : default@GenerateMetadata cost memory 0.09345245361328125
[2026-06-17T00:42:24.514] [DEBUG] debug-file - runTaskFromQueue task cost before running: 71 ms 
[2026-06-17T00:42:24.514] [INFO] debug-file - Finished :entry:default@GenerateMetadata... after 2 ms 
[2026-06-17T00:42:24.515] [DEBUG] debug-file - Executing task :entry:default@ConfigureCmake
[2026-06-17T00:42:24.515] [DEBUG] debug-file - entry : default@ConfigureCmake cost memory 0.0140533447265625
[2026-06-17T00:42:24.515] [DEBUG] debug-file - runTaskFromQueue task cost before running: 72 ms 
[2026-06-17T00:42:24.515] [INFO] debug-file - Finished :entry:default@ConfigureCmake... after 1 ms 
[2026-06-17T00:42:24.516] [DEBUG] debug-file - Executing task :entry:default@MergeProfile
[2026-06-17T00:42:24.516] [DEBUG] debug-file - Task 'entry:default@MergeProfile' cost while wrapping incremental declarations: 1 ms 
[2026-06-17T00:42:24.517] [DEBUG] debug-file - entry:default@MergeProfile is not up-to-date, since the output file 'E:\lezihuawei\target\entry\build\default\intermediates\merge_profile\default\module.json' does not exist.
[2026-06-17T00:42:24.517] [DEBUG] debug-file - Incremental task entry:default@MergeProfile pre-execution cost: 1 ms .
[2026-06-17T00:42:24.517] [DEBUG] debug-file - Change app api release type with 'Release'
[2026-06-17T00:42:24.517] [DEBUG] debug-file - Change app compile API version with '6.0.2.130'
[2026-06-17T00:42:24.517] [DEBUG] debug-file - Change app target API version with '60002022'
[2026-06-17T00:42:24.517] [DEBUG] debug-file - Change app minimum API version with '50000012'
[2026-06-17T00:42:24.517] [DEBUG] debug-file - Use cli appEnvironment
[2026-06-17T00:42:24.518] [DEBUG] debug-file - entry : default@MergeProfile cost memory 0.18230438232421875
[2026-06-17T00:42:24.518] [DEBUG] debug-file - runTaskFromQueue task cost before running: 75 ms 
[2026-06-17T00:42:24.518] [INFO] debug-file - Finished :entry:default@MergeProfile... after 3 ms 
[2026-06-17T00:42:24.519] [DEBUG] debug-file - Executing task :entry:default@CreateBuildProfile
[2026-06-17T00:42:24.519] [DEBUG] debug-file - Task 'entry:default@CreateBuildProfile' cost while wrapping incremental declarations: 1 ms 
[2026-06-17T00:42:24.521] [DEBUG] debug-file - Incremental task entry:default@CreateBuildProfile pre-execution cost: 1 ms .
[2026-06-17T00:42:24.521] [DEBUG] debug-file - entry : default@CreateBuildProfile cost memory -1.6063690185546875
[2026-06-17T00:42:24.521] [INFO] debug-file - UP-TO-DATE :entry:default@CreateBuildProfile...  
[2026-06-17T00:42:24.522] [DEBUG] debug-file - Executing task :entry:default@PreCheckSyscap
[2026-06-17T00:42:24.522] [DEBUG] debug-file - entry : default@PreCheckSyscap cost memory 0.01427459716796875
[2026-06-17T00:42:24.522] [DEBUG] debug-file - runTaskFromQueue task cost before running: 78 ms 
[2026-06-17T00:42:24.522] [INFO] debug-file - Finished :entry:default@PreCheckSyscap... after 1 ms 
[2026-06-17T00:42:24.523] [DEBUG] debug-file - Executing task :entry:default@GeneratePkgContextInfo
[2026-06-17T00:42:24.525] [DEBUG] debug-file - Task 'entry:default@GeneratePkgContextInfo' cost while wrapping incremental declarations: 1 ms 
[2026-06-17T00:42:24.525] [DEBUG] debug-file - entry : default@GeneratePkgContextInfo cost memory 0.40505218505859375
[2026-06-17T00:42:24.525] [DEBUG] debug-file - runTaskFromQueue task cost before running: 82 ms 
[2026-06-17T00:42:24.525] [INFO] debug-file - Finished :entry:default@GeneratePkgContextInfo... after 3 ms 
[2026-06-17T00:42:24.527] [DEBUG] debug-file - Executing task :entry:default@ProcessIntegratedHsp
[2026-06-17T00:42:24.527] [DEBUG] debug-file - entry:default@ProcessIntegratedHsp is not up-to-date, since the output file 'E:\lezihuawei\target\build\cache\default\integrated_hsp\integratedHspCache.json' does not exist.
[2026-06-17T00:42:24.528] [DEBUG] debug-file - Incremental task entry:default@ProcessIntegratedHsp pre-execution cost: 1 ms .
[2026-06-17T00:42:24.528] [DEBUG] debug-file - entry : default@ProcessIntegratedHsp cost memory 0.053436279296875
[2026-06-17T00:42:24.528] [DEBUG] debug-file - runTaskFromQueue task cost before running: 84 ms 
[2026-06-17T00:42:24.528] [INFO] debug-file - Finished :entry:default@ProcessIntegratedHsp... after 1 ms 
[2026-06-17T00:42:24.528] [DEBUG] debug-file - Executing task :entry:default@BuildNativeWithCmake
[2026-06-17T00:42:24.528] [DEBUG] debug-file - entry : default@BuildNativeWithCmake cost memory 0.0140533447265625
[2026-06-17T00:42:24.528] [DEBUG] debug-file - runTaskFromQueue task cost before running: 85 ms 
[2026-06-17T00:42:24.528] [INFO] debug-file - Finished :entry:default@BuildNativeWithCmake... after 1 ms 
[2026-06-17T00:42:24.529] [DEBUG] debug-file - Executing task :entry:default@MakePackInfo
[2026-06-17T00:42:24.530] [DEBUG] debug-file - Incremental task entry:default@MakePackInfo pre-execution cost: 2 ms .
[2026-06-17T00:42:24.530] [DEBUG] debug-file - entry : default@MakePackInfo cost memory 0.096710205078125
[2026-06-17T00:42:24.530] [INFO] debug-file - UP-TO-DATE :entry:default@MakePackInfo...  
[2026-06-17T00:42:24.531] [DEBUG] debug-file - Executing task :entry:default@SyscapTransform
[2026-06-17T00:42:24.531] [DEBUG] debug-file - File: 'E:\lezihuawei\target\entry\src\main\syscap.json' from 'sysCapJsonPath' is not exists, just ignore.
[2026-06-17T00:42:24.532] [DEBUG] debug-file - Task 'entry:default@SyscapTransform' cost while wrapping incremental declarations: 1 ms 
[2026-06-17T00:42:24.533] [DEBUG] debug-file - entry:default@SyscapTransform is not up-to-date, since the output file 'E:\lezihuawei\target\entry\build\default\intermediates\syscap\default\rpcid.sc' does not exist.
[2026-06-17T00:42:24.533] [DEBUG] debug-file - Incremental task entry:default@SyscapTransform pre-execution cost: 1 ms .
[2026-06-17T00:42:24.533] [DEBUG] debug-file - entry : default@SyscapTransform cost memory 0.13224029541015625
[2026-06-17T00:42:24.533] [DEBUG] debug-file - runTaskFromQueue task cost before running: 90 ms 
[2026-06-17T00:42:24.533] [INFO] debug-file - Finished :entry:default@SyscapTransform... after 2 ms 
[2026-06-17T00:42:24.534] [DEBUG] debug-file - Executing task :entry:default@ProcessProfile
[2026-06-17T00:42:24.535] [DEBUG] debug-file - Task 'entry:default@ProcessProfile' cost while wrapping incremental declarations: 1 ms 
[2026-06-17T00:42:24.535] [DEBUG] debug-file - entry:default@ProcessProfile is not up-to-date, since the input file 'E:\lezihuawei\target\entry\build\default\intermediates\merge_profile\default\module.json' has been changed.
[2026-06-17T00:42:24.535] [DEBUG] debug-file - Incremental task entry:default@ProcessProfile pre-execution cost: 1 ms .
[2026-06-17T00:42:24.536] [DEBUG] debug-file - [
  'E:\\DevEco Studio\\tools\\node\\node.exe',
  'E:\\DevEco Studio\\sdk\\default\\openharmony\\ets\\build-tools\\ets-loader\\bin\\ark\\ts2abc.js',
  '--target-api-version',
  '12',
  '--target-api-sub-version',
  'beta1'
]
[2026-06-17T00:42:24.598] [DEBUG] debug-file - 12.0.2.0
[2026-06-17T00:42:24.599] [DEBUG] debug-file - No need to add fake ui ability because of not in preview process.
[2026-06-17T00:42:24.599] [DEBUG] debug-file - entry : default@ProcessProfile cost memory 0.3418426513671875
[2026-06-17T00:42:24.599] [DEBUG] debug-file - runTaskFromQueue task cost before running: 156 ms 
[2026-06-17T00:42:24.600] [INFO] debug-file - Finished :entry:default@ProcessProfile... after 66 ms 
[2026-06-17T00:42:24.601] [DEBUG] debug-file - Executing task :entry:default@ProcessRouterMap
[2026-06-17T00:42:24.602] [DEBUG] debug-file - entry:default@ProcessRouterMap is not up-to-date, since the output file 'E:\lezihuawei\target\entry\build\default\intermediates\router_map\default\temp-router-map.json' does not exist.
[2026-06-17T00:42:24.602] [DEBUG] debug-file - Incremental task entry:default@ProcessRouterMap pre-execution cost: 1 ms .
[2026-06-17T00:42:24.603] [DEBUG] debug-file - entry : default@ProcessRouterMap cost memory 0.12796783447265625
[2026-06-17T00:42:24.603] [DEBUG] debug-file - runTaskFromQueue task cost before running: 160 ms 
[2026-06-17T00:42:24.604] [INFO] debug-file - Finished :entry:default@ProcessRouterMap... after 3 ms 
[2026-06-17T00:42:24.604] [DEBUG] debug-file - Executing task :entry:default@ProcessShareConfig
[2026-06-17T00:42:24.606] [DEBUG] debug-file - entry:default@ProcessShareConfig is not up-to-date, since the output file 'E:\lezihuawei\target\entry\build\default\intermediates\share_config\default\temp-share-config.json' does not exist.
[2026-06-17T00:42:24.606] [DEBUG] debug-file - Incremental task entry:default@ProcessShareConfig pre-execution cost: 1 ms .
[2026-06-17T00:42:24.607] [DEBUG] debug-file - entry : default@ProcessShareConfig cost memory 0.110626220703125
[2026-06-17T00:42:24.607] [DEBUG] debug-file - runTaskFromQueue task cost before running: 163 ms 
[2026-06-17T00:42:24.607] [INFO] debug-file - Finished :entry:default@ProcessShareConfig... after 3 ms 
[2026-06-17T00:42:24.608] [DEBUG] debug-file - Executing task :entry:default@ProcessStartupConfig
[2026-06-17T00:42:24.608] [DEBUG] debug-file - Task 'entry:default@ProcessStartupConfig' cost while wrapping incremental declarations: 1 ms 
[2026-06-17T00:42:24.608] [DEBUG] debug-file - entry:default@ProcessStartupConfig is not up-to-date, since the output file 'E:\lezihuawei\target\entry\build\default\intermediates\startup\default\startup_config.json' does not exist.
[2026-06-17T00:42:24.608] [DEBUG] debug-file - Incremental task entry:default@ProcessStartupConfig pre-execution cost: 1 ms .
[2026-06-17T00:42:24.608] [DEBUG] debug-file - entry : default@ProcessStartupConfig cost memory 0.08722686767578125
[2026-06-17T00:42:24.608] [DEBUG] debug-file - runTaskFromQueue task cost before running: 165 ms 
[2026-06-17T00:42:24.608] [INFO] debug-file - Finished :entry:default@ProcessStartupConfig... after 1 ms 
[2026-06-17T00:42:24.609] [DEBUG] debug-file - Executing task :entry:default@BuildNativeWithNinja
[2026-06-17T00:42:24.610] [DEBUG] debug-file - entry : default@BuildNativeWithNinja cost memory 0.0253753662109375
[2026-06-17T00:42:24.610] [DEBUG] debug-file - runTaskFromQueue task cost before running: 166 ms 
[2026-06-17T00:42:24.610] [INFO] debug-file - Finished :entry:default@BuildNativeWithNinja... after 1 ms 
[2026-06-17T00:42:24.611] [DEBUG] debug-file - restool module names: entry; moduleName=entry, taskName=default@ProcessResource
[2026-06-17T00:42:24.611] [DEBUG] debug-file - Executing task :entry:default@ProcessResource
[2026-06-17T00:42:24.611] [DEBUG] debug-file - Task 'entry:default@ProcessResource' cost while wrapping incremental declarations: 1 ms 
[2026-06-17T00:42:24.612] [DEBUG] debug-file - entry:default@ProcessResource is not up-to-date, since the output file 'E:\lezihuawei\target\entry\build\default\intermediates\res\default\resConfig.json' does not exist.
[2026-06-17T00:42:24.612] [DEBUG] debug-file - Incremental task entry:default@ProcessResource pre-execution cost: 1 ms .
[2026-06-17T00:42:24.612] [DEBUG] debug-file - entry : default@ProcessResource cost memory 0.125518798828125
[2026-06-17T00:42:24.613] [DEBUG] debug-file - runTaskFromQueue task cost before running: 170 ms 
[2026-06-17T00:42:24.614] [INFO] debug-file - Finished :entry:default@ProcessResource... after 2 ms 
[2026-06-17T00:42:24.615] [DEBUG] debug-file - Executing task :entry:default@GenerateLoaderJson
[2026-06-17T00:42:24.615] [DEBUG] debug-file - Task 'entry:default@GenerateLoaderJson' cost while wrapping incremental declarations: 1 ms 
[2026-06-17T00:42:24.620] [DEBUG] debug-file - entry:default@GenerateLoaderJson is not up-to-date, since the input file 'E:\lezihuawei\target\entry\build\default\intermediates\router_map\default\temp-router-map.json' has been changed.
[2026-06-17T00:42:24.620] [DEBUG] debug-file - Incremental task entry:default@GenerateLoaderJson pre-execution cost: 3 ms .
[2026-06-17T00:42:24.622] [DEBUG] debug-file - entry : default@GenerateLoaderJson cost memory -1.1972122192382812
[2026-06-17T00:42:24.622] [DEBUG] debug-file - runTaskFromQueue task cost before running: 179 ms 
[2026-06-17T00:42:24.624] [INFO] debug-file - Finished :entry:default@GenerateLoaderJson... after 8 ms 
[2026-06-17T00:42:24.625] [DEBUG] debug-file - Executing task :entry:default@ProcessLibs
[2026-06-17T00:42:24.626] [DEBUG] debug-file - entry:default@ProcessLibs is not up-to-date, since the output file 'E:\lezihuawei\target\entry\build\default\intermediates\libs\default' does not exist.
[2026-06-17T00:42:24.627] [DEBUG] debug-file - Incremental task entry:default@ProcessLibs pre-execution cost: 2 ms .
[2026-06-17T00:42:24.628] [DEBUG] debug-file - Worker dispatch failed, running processLibs on main thread.
[2026-06-17T00:42:24.628] [DEBUG] debug-file - entry : default@ProcessLibs cost memory 0.30770111083984375
[2026-06-17T00:42:24.628] [DEBUG] debug-file - runTaskFromQueue task cost before running: 185 ms 
[2026-06-17T00:42:24.629] [INFO] debug-file - Finished :entry:default@ProcessLibs... after 4 ms 
[2026-06-17T00:42:24.629] [DEBUG] debug-file - restool module names: entry; moduleName=entry, taskName=default@CompileResource
[2026-06-17T00:42:24.630] [DEBUG] debug-file - Executing task :entry:default@CompileResource
[2026-06-17T00:42:24.634] [DEBUG] debug-file - entry:default@CompileResource is not up-to-date, since the input file 'E:\lezihuawei\target\entry\build\default\intermediates\process_profile\default\module.json' has been changed.
[2026-06-17T00:42:24.634] [DEBUG] debug-file - Incremental task entry:default@CompileResource pre-execution cost: 4 ms .
[2026-06-17T00:42:24.635] [DEBUG] debug-file - Use tool [E:\DevEco Studio\sdk\default\openharmony\toolchains\restool.exe]
 [
  'E:\\DevEco Studio\\sdk\\default\\openharmony\\toolchains\\restool.exe',
  '-l',
  'E:\\lezihuawei\\target\\entry\\build\\default\\intermediates\\res\\default\\resConfig.json'
]
[2026-06-17T00:42:24.636] [DEBUG] debug-file - current process  memoryUsage: {
  rss: 464945152,
  heapTotal: 123883520,
  heapUsed: 116725936,
  external: 3161686,
  arrayBuffers: 133977
} os memoryUsage :17.315353393554688
[2026-06-17T00:42:24.661] [DEBUG] debug-file - Info: Pack: normal pack mode

[2026-06-17T00:42:24.696] [DEBUG] debug-file - Info: hardware concurrency count is : 20
Info: thread count is : 20

[2026-06-17T00:42:24.697] [DEBUG] debug-file - Info: thread pool is started

[2026-06-17T00:42:24.698] [DEBUG] debug-file - Info: GenericCompiler::CompileFiles

[2026-06-17T00:42:24.701] [DEBUG] debug-file - Info: GenericCompiler::CompileFiles

[2026-06-17T00:42:24.702] [DEBUG] debug-file - Info: GenericCompiler::CompileFiles

[2026-06-17T00:42:24.703] [DEBUG] debug-file - Warning: 'app_name' conflict, first declared.
at E:\lezihuawei\target\AppScope\resources\base\element\string.json
but declared again.
at E:\lezihuawei\target\entry\src\main\resources\base\element\string.json

[2026-06-17T00:42:24.705] [DEBUG] debug-file - 06-17 00:42:24.706 35672 40536 E C01400/ImageTranscoderUtils: DecodeToRGBA IN
06-17 00:42:24.706 35672 40536 E C01400/ImageTranscoderUtils: ImageFilter IN E:\lezihuawei\target\AppScope\resources\base\media\app_icon.png

[2026-06-17T00:42:24.705] [DEBUG] debug-file - 06-17 00:42:24.706 35672 40536 E C01400/ImageTranscoder: TranscodeSLR DecodeToRGBA failed
Warning: ScaleImage failed, error message: IMAGE_ERROR, file path = E:\lezihuawei\target\AppScope\resources\base\media\app_icon.png

[2026-06-17T00:42:24.706] [DEBUG] debug-file - 06-17 00:42:24.707 35672 40536 E C01400/ImageTranscoderUtils: DecodeToRGBA IN
06-17 00:42:24.707 35672 40536 E C01400/ImageTranscoderUtils: ImageFilter IN E:\lezihuawei\target\entry\src\main\resources\base\media\icon.png

[2026-06-17T00:42:24.706] [DEBUG] debug-file - 06-17 00:42:24.707 35672 40536 E C01400/ImageTranscoder: TranscodeSLR DecodeToRGBA failed
Warning: ScaleImage failed, error message: IMAGE_ERROR, file path = E:\lezihuawei\target\entry\src\main\resources\base\media\icon.png

[2026-06-17T00:42:24.706] [DEBUG] debug-file - Warning: E:\lezihuawei\target\AppScope\resources\base\media\app_icon.png is not png format

[2026-06-17T00:42:24.706] [DEBUG] debug-file - Warning: E:\lezihuawei\target\entry\src\main\resources\base\media\icon.png is not png format
Warning: E:\lezihuawei\target\entry\src\main\resources\base\media\startIcon.png is not png format

[2026-06-17T00:42:24.707] [DEBUG] debug-file - Info: restool resources compile success.

[2026-06-17T00:42:24.708] [DEBUG] debug-file - Info: thread pool is stopped

[2026-06-17T00:42:24.763] [DEBUG] debug-file - entry : default@CompileResource cost memory 0.6386795043945312
[2026-06-17T00:42:24.764] [DEBUG] debug-file - runTaskFromQueue task cost before running: 320 ms 
[2026-06-17T00:42:24.764] [INFO] debug-file - Finished :entry:default@CompileResource... after 134 ms 
[2026-06-17T00:42:24.765] [DEBUG] debug-file - Executing task :entry:default@DoNativeStrip
[2026-06-17T00:42:24.765] [DEBUG] debug-file - Task 'entry:default@DoNativeStrip' cost while wrapping incremental declarations: 1 ms 
[2026-06-17T00:42:24.766] [DEBUG] debug-file - entry:default@DoNativeStrip is not up-to-date, since the output file 'E:\lezihuawei\target\entry\build\default\intermediates\stripped_native_libs\default' does not exist.
[2026-06-17T00:42:24.766] [DEBUG] debug-file - Incremental task entry:default@DoNativeStrip pre-execution cost: 1 ms .
[2026-06-17T00:42:24.767] [DEBUG] debug-file - entry : default@DoNativeStrip cost memory 0.08823394775390625
[2026-06-17T00:42:24.767] [DEBUG] debug-file - runTaskFromQueue task cost before running: 324 ms 
[2026-06-17T00:42:24.767] [INFO] debug-file - Finished :entry:default@DoNativeStrip... after 2 ms 
[2026-06-17T00:42:24.768] [DEBUG] debug-file - Executing task :entry:default@CompileArkTS
[2026-06-17T00:42:24.769] [DEBUG] debug-file - obfuscationOptions: undefined
[2026-06-17T00:42:24.770] [DEBUG] debug-file - Task 'entry:default@CompileArkTS' cost while wrapping incremental declarations: 1 ms 
[2026-06-17T00:42:24.773] [DEBUG] debug-file - entry:default@CompileArkTS is not up-to-date, since the input file 'E:\lezihuawei\target\entry\build\default\intermediates\loader\default' has been changed.
[2026-06-17T00:42:24.773] [DEBUG] debug-file - Incremental task entry:default@CompileArkTS pre-execution cost: 3 ms .
[2026-06-17T00:42:24.779] [DEBUG] debug-file - build config:
[2026-06-17T00:42:24.779] [DEBUG] debug-file - {
  moduleType: 'entry',
  perf: 0,
  targetName: '.default',
  packageManagerType: 'ohpm',
  localPropertiesPath: 'E:\\lezihuawei\\target\\local.properties',
  isPreview: false,
  isOhosTest: false,
  isLocalTest: false,
  buildMode: 'Debug',
  hotReloadBuild: undefined,
  watchMode: 'false',
  aceProfilePath: 'E:\\lezihuawei\\target\\entry\\build\\default\\intermediates\\res\\default\\resources\\base\\profile',
  etsLoaderPath: 'E:\\DevEco Studio\\sdk\\default\\openharmony\\ets\\build-tools\\ets-loader',
  modulePath: 'E:\\lezihuawei\\target\\entry',
  testFrameworkPar: {
    testMode: undefined,
    coveragePathFilter: undefined,
    coverageMode: undefined
  },
  needCoverageInsert: false,
  debugLine: false,
  projectTopDir: 'E:\\lezihuawei\\target',
  compileSdkVersion: 22,
  compatibleSdkVersion: 12,
  originCompatibleSdkVersion: '5.0.0(12)',
  compatibleSdkVersionStage: 'beta1',
  bundleName: 'c***e',
  etsLoaderVersion: '6.0.2.130',
  etsLoaderReleaseType: 'Release',
  aotCompileMode: 'type',
  apPath: 'E:\\lezihuawei\\target\\entry\\modules.ap',
  entryModuleName: 'entry',
  entryModuleVersion: '1.0.0',
  entryPackageName: 'entry',
  allModuleNameHash: 'a061f25979885c49f73e6f993b95c2d741fbc8cd67e90b96a1d41c8b865517b9',
  externalApiPaths: [ 'E:\\DevEco Studio\\sdk\\default\\hms\\ets' ],
  compilerTypes: [],
  isCrossplatform: false,
  hvigorPluginFile: undefined,
  compilePluginPath: undefined,
  buildGeneratedProfilePath: 'E:\\lezihuawei\\target\\entry\\build\\default\\generated\\profile\\default',
  bundleType: 'app',
  arkTSVersion: undefined,
  apiVersion: 22,
  needCompleteSourcesMap: false,
  isFaMode: false,
  buildDir: 'E:\\lezihuawei\\target\\entry\\build',
  deviceTypes: [ 'phone', 'tablet', '2in1' ],
  pkgContextInfo: undefined,
  ohPackagePathMap: {},
  dependencyAliasMap: {},
  permission: { requestPermissions: [ [Object] ], definePermissions: undefined },
  useGetCurrentBundleName: false,
  projectArkOption: undefined,
  sourceMapDir: undefined,
  branchElimination: false,
  transformLib: undefined,
  tsImportSendable: false,
  resolveConflictMode: true,
  depName2RootPath: {},
  depName2DepInfo: {},
  rootPathSet: [ 'E:\\lezihuawei\\target' ],
  useNativeResolver: true,
  shouldEmitJs: true,
  useTscResolve: false,
  singleFileEmit: false,
  userProjectConfig: {
    autoLazyImport: false,
    allowEmptyBundleName: false,
    reExportCheckMode: 'noCheck',
    executionMode: 'memory',
    usePathPlaceholder: false,
    writeRollupCache: true,
    isExpandImportEnabled: false,
    expandImportExclude: '',
    lazyImportExclude: '',
    lazyImportInclude: '',
    ignoreCrossplatformCheck: false,
    isHarDeduplicateEnabled: false,
    skipOhModulesLint: false,
    enableStrictCheckOHModule: false,
    disableSendableCheckRules: [],
    useDeclarationFileSignature: false,
    customizedOptions: undefined,
    integratedHsp: false,
    isPreloadSoEnabled: false
  },
  executionMode: 'memory',
  arkCompileCachePath: 'E:\\lezihuawei\\target\\entry\\build\\default\\cache\\default\\default@CompileArkTS\\esmodule',
  autoLazyFilter: undefined,
  isHarDeduplicateEnabled: false,
  intermediateHarDuplicateDirPath: 'E:\\lezihuawei\\target\\entry\\build\\default\\intermediates\\har_duplicate\\default',
  autoLazyImport: false,
  allowEmptyBundleName: false,
  reExportCheckMode: 'noCheck',
  usePathPlaceholder: false,
  writeRollupCache: true,
  isExpandImportEnabled: false,
  expandImportExclude: '',
  lazyImportExclude: '',
  lazyImportInclude: '',
  ignoreCrossplatformCheck: false,
  skipOhModulesLint: false,
  enableStrictCheckOHModule: false,
  disableSendableCheckRules: [],
  useDeclarationFileSignature: false,
  customizedOptions: undefined,
  integratedHsp: false,
  isPreloadSoEnabled: false,
  strictMode: { caseSensitiveCheck: true },
  useNormalizedOHMUrl: false,
  caseSensitiveCheck: true,
  aceModuleJsonPath: 'E:\\lezihuawei\\target\\entry\\build\\default\\intermediates\\res\\default\\ark_module.json',
  appResource: 'E:\\lezihuawei\\target\\entry\\build\\default\\intermediates\\res\\default\\ResourceTable.txt',
  rawFileResource: 'E:\\lezihuawei\\target\\entry\\build\\default\\intermediates\\res\\default\\resources\\rawfile',
  resourceTableHash: 'd63c2bc819611829f6a1266258e3d5f507c2a7a0190b6501843995fdcdae1b0f',
  runtimeOS: 'HarmonyOS',
  sdkInfo: 'false:22:6.0.2.130:Release',
  aceModuleRoot: 'E:\\lezihuawei\\target\\entry\\src\\main\\ets',
  compileMode: 'esmodule',
  aceSuperVisualPath: 'E:\\lezihuawei\\target\\entry\\src\\main\\supervisual',
  aceBuildJson: 'E:\\lezihuawei\\target\\entry\\build\\default\\intermediates\\loader\\default\\loader.json',
  cachePath: 'E:\\lezihuawei\\target\\entry\\build\\default\\cache\\default\\default@CompileArkTS\\esmodule\\debug',
  aceModuleBuild: 'E:\\lezihuawei\\target\\entry\\build\\default\\intermediates\\loader_out\\default\\ets',
  supportChunks: true,
  declaredFilesPath: undefined,
  shouldCollectDirectImportees: false,
  isByteCodeHarOptimize: false,
  expandImportPath: undefined,
  pkgNameToPkgBriefInfo: {
    entry: {
      pkgRoot: 'E:\\lezihuawei\\target\\entry',
      originalSourceRoots: undefined,
      sourceRoots: [Array],
      pkgName: 'entry'
    }
  },
  projectModel: {
    'E:\\lezihuawei\\target\\entry\\src\\main': {
      moduleName: 'entry',
      modulePkgPath: 'E:\\lezihuawei\\target\\entry',
      belongProjectPath: 'E:\\lezihuawei\\target'
    },
    'E:\\lezihuawei\\target\\entry': {
      moduleName: 'entry',
      modulePkgPath: 'E:\\lezihuawei\\target\\entry',
      belongProjectPath: 'E:\\lezihuawei\\target'
    },
    'E:\\lezihuawei\\target': {
      moduleName: 'target',
      modulePkgPath: 'E:\\lezihuawei\\target',
      belongProjectPath: 'E:\\lezihuawei\\target'
    }
  },
  pkgJsonFileHash: '7710eea91560623c7a4ba2cf218df320cc1c900bb25057ed1a9ff492653dc818',
  allModulePaths: [ 'E:\\lezihuawei\\target\\entry' ],
  routerMap: {},
  obfuscationOptions: undefined,
  byteCodeHarToDependencyKeys: undefined,
  compileBlockPkg: [],
  mockParams: {
    decorator: '@MockSetup',
    packageName: '@ohos/hamock',
    etsSourceRootPath: 'src/main/ets',
    mockConfigPath: undefined,
    mockConfigKey2ModuleInfo: {},
    source2ModuleIdMap: {}
  },
  copyCodeResourceEnable: true,
  copyCodeResourceExcludes: [],
  copyCodeResourceIncludes: undefined,
  uiTransformOptimization: false,
  sdkPath: 'E:/DevEco Studio/sdk',
  needPreloadSoFileSet: {},
  preloadSoFilePath: 'E:\\lezihuawei\\target\\entry\\build\\default\\intermediates\\preload\\default\\preload.json',
  useSourceHash: false,
  localModuleParamMap: {},
  otherPaths: {
    'entry/*': [
      '..\\*',
      '..\\..\\..\\build\\default\\generated\\profile\\default\\*'
    ]
  },
  collectImportersConfig: undefined
}
[2026-06-17T00:42:24.779] [DEBUG] debug-file - Compile arkts with external api path: E:\DevEco Studio\sdk\default\hms\ets
[2026-06-17T00:42:24.779] [DEBUG] debug-file - default@CompileArkTS work[16] is submitted.
[2026-06-17T00:42:24.780] [DEBUG] debug-file - default@CompileArkTS work[16] is pushed to ready queue.
[2026-06-17T00:42:24.780] [DEBUG] debug-file - A work dispatched to worker[19] failed because unable to get work from ready queue.
[2026-06-17T00:42:24.780] [DEBUG] debug-file - A work dispatched to worker[18] failed because unable to get work from ready queue.
[2026-06-17T00:42:24.780] [DEBUG] debug-file - A work dispatched to worker[17] failed because unable to get work from ready queue.
[2026-06-17T00:42:24.780] [DEBUG] debug-file - A work dispatched to worker[16] failed because unable to get work from ready queue.
[2026-06-17T00:42:24.780] [DEBUG] debug-file - A work dispatched to worker[15] failed because unable to get work from ready queue.
[2026-06-17T00:42:24.780] [DEBUG] debug-file - A work dispatched to worker[14] failed because unable to get work from ready queue.
[2026-06-17T00:42:24.780] [DEBUG] debug-file - A work dispatched to worker[13] failed because unable to get work from ready queue.
[2026-06-17T00:42:24.780] [DEBUG] debug-file - A work dispatched to worker[12] failed because unable to get work from ready queue.
[2026-06-17T00:42:24.780] [DEBUG] debug-file - A work dispatched to worker[11] failed because unable to get work from ready queue.
[2026-06-17T00:42:24.780] [DEBUG] debug-file - A work dispatched to worker[10] failed because unable to get work from ready queue.
[2026-06-17T00:42:24.780] [DEBUG] debug-file - A work dispatched to worker[9] failed because unable to get work from ready queue.
[2026-06-17T00:42:24.780] [DEBUG] debug-file - A work dispatched to worker[8] failed because unable to get work from ready queue.
[2026-06-17T00:42:24.780] [DEBUG] debug-file - A work dispatched to worker[7] failed because unable to get work from ready queue.
[2026-06-17T00:42:24.780] [DEBUG] debug-file - A work dispatched to worker[6] failed because unable to get work from ready queue.
[2026-06-17T00:42:24.780] [DEBUG] debug-file - A work dispatched to worker[5] failed because unable to get work from ready queue.
[2026-06-17T00:42:24.780] [DEBUG] debug-file - default@CompileArkTS work[16] has been dispatched to worker[4].
[2026-06-17T00:42:24.780] [DEBUG] debug-file - default@CompileArkTS work[16] is dispatched.
[2026-06-17T00:42:24.780] [DEBUG] debug-file - CopyResources startTime: 14738433447300
[2026-06-17T00:42:24.780] [DEBUG] debug-file - default@CompileArkTS work[17] is submitted.
[2026-06-17T00:42:24.780] [DEBUG] debug-file - default@CompileArkTS work[17] is pushed to ready queue.
[2026-06-17T00:42:24.780] [DEBUG] debug-file - A work dispatched to worker[19] failed because unable to get work from ready queue.
[2026-06-17T00:42:24.780] [DEBUG] debug-file - Create  resident worker with id: 18.
[2026-06-17T00:42:24.781] [DEBUG] debug-file - default@CompileArkTS work[17] has been dispatched to worker[18].
[2026-06-17T00:42:24.781] [DEBUG] debug-file - default@CompileArkTS work[17] is dispatched.
[2026-06-17T00:42:24.781] [DEBUG] debug-file - entry : default@CompileArkTS cost memory -0.5366744995117188
[2026-06-17T00:42:24.782] [DEBUG] debug-file - Executing task :entry:default@BuildJS
[2026-06-17T00:42:24.782] [DEBUG] debug-file - Task 'entry:default@BuildJS' cost while wrapping incremental declarations: 1 ms 
[2026-06-17T00:42:24.784] [DEBUG] debug-file - entry : default@BuildJS cost memory 0.13866424560546875
[2026-06-17T00:42:24.784] [DEBUG] debug-file - runTaskFromQueue task cost before running: 341 ms 
[2026-06-17T00:42:24.784] [INFO] debug-file - Finished :entry:default@BuildJS... after 3 ms 
[2026-06-17T00:42:24.785] [DEBUG] debug-file - Executing task :entry:default@CacheNativeLibs
[2026-06-17T00:42:24.785] [DEBUG] debug-file - Task 'entry:default@CacheNativeLibs' cost while wrapping incremental declarations: 1 ms 
[2026-06-17T00:42:24.786] [DEBUG] debug-file - entry:default@CacheNativeLibs is not up-to-date, since the output file 'E:\lezihuawei\target\entry\build\default\intermediates\patch\default\base_native_libs.json' does not exist.
[2026-06-17T00:42:24.786] [DEBUG] debug-file - Incremental task entry:default@CacheNativeLibs pre-execution cost: 1 ms .
[2026-06-17T00:42:24.786] [DEBUG] debug-file - default@CacheNativeLibs work[18] is submitted.
[2026-06-17T00:42:24.786] [DEBUG] debug-file - default@CacheNativeLibs work[18] is pushed to ready queue.
[2026-06-17T00:42:24.786] [DEBUG] debug-file - A work dispatched to worker[19] failed because unable to get work from ready queue.
[2026-06-17T00:42:24.786] [DEBUG] debug-file - A work dispatched to worker[18] failed because of worker busy.
[2026-06-17T00:42:24.786] [DEBUG] debug-file - Create  resident worker with id: 17.
[2026-06-17T00:42:24.786] [DEBUG] debug-file - default@CacheNativeLibs work[18] has been dispatched to worker[17].
[2026-06-17T00:42:24.786] [DEBUG] debug-file - default@CacheNativeLibs work[18] is dispatched.
[2026-06-17T00:42:24.786] [DEBUG] debug-file - entry : default@CacheNativeLibs cost memory 0.18903350830078125
[2026-06-17T00:42:25.543] [DEBUG] debug-file - worker[18] has one work done.
[2026-06-17T00:42:25.543] [DEBUG] debug-file - CopyResources is end, endTime: 14739196328100
[2026-06-17T00:42:25.543] [DEBUG] debug-file - default@CompileArkTS work[17] done.
[2026-06-17T00:42:25.543] [DEBUG] debug-file - A work dispatched to worker[18] failed because unable to get work from ready queue.
[2026-06-17T00:42:25.606] [DEBUG] debug-file - worker[17] has one work done.
[2026-06-17T00:42:25.606] [DEBUG] debug-file - default@CacheNativeLibs work[18] done.
[2026-06-17T00:42:25.606] [DEBUG] debug-file - A work dispatched to worker[17] failed because unable to get work from ready queue.
[2026-06-17T00:42:25.606] [INFO] debug-file - Finished :entry:default@CacheNativeLibs... after 6 ms 
[2026-06-17T00:42:26.282] [WARN] debug-file - [33mWARN: [33m[33mArkTS:WARN File: E:/lezihuawei/target/entry/src/main/ets/utils/ScreenAdapter.ets:29:29
 'matchMediaSync' has been deprecated.
[39m[39m
[33mWARN: [33m[33mArkTS:WARN File: E:/lezihuawei/target/entry/src/main/ets/utils/ScreenAdapter.ets:48:29
 'matchMediaSync' has been deprecated.
[39m[39m
[33mWARN: [33m[33mArkTS:WARN File: E:/lezihuawei/target/entry/src/main/ets/pages/Index.ets:53:18
 'pushUrl' has been deprecated.
[39m[39m
[33mWARN: [33m[33mArkTS:WARN File: E:/lezihuawei/target/entry/src/main/ets/pages/Index.ets:64:18
 'pushUrl' has been deprecated.
[39m[39m
[33mWARN: [33m[33mArkTS:WARN File: E:/lezihuawei/target/entry/src/main/ets/pages/GamePage.ets:604:24
 'back' has been deprecated.
[39m[39m
[33mWARN: [33m[33mArkTS:WARN File: E:/lezihuawei/target/entry/src/main/ets/pages/RecordPage.ets:112:20
 'back' has been deprecated.
[39m[39m

[2026-06-17T00:42:26.282] [DEBUG] debug-file - Ark compile task finished.finished time is 14739935372600
[2026-06-17T00:42:26.282] [DEBUG] debug-file - worker[4] has one work done.
[2026-06-17T00:42:26.283] [DEBUG] debug-file - default@CompileArkTS work[16] done.
[2026-06-17T00:42:26.284] [DEBUG] debug-file - A work dispatched to worker[4] failed because unable to get work from ready queue.
[2026-06-17T00:42:26.285] [INFO] debug-file - Finished :entry:default@CompileArkTS... after 1 s 515 ms 
[2026-06-17T00:42:26.286] [DEBUG] debug-file - Executing task :entry:default@GeneratePkgModuleJson
[2026-06-17T00:42:26.286] [DEBUG] debug-file - File: 'E:\lezihuawei\target\entry\build\default\intermediates\preload\default\preload.json' from 'preloadSoJsonPath' is not exists, just ignore.
[2026-06-17T00:42:26.286] [DEBUG] debug-file - Error occurs while handling @Input 'shouldDeduplicateHar': The "data" argument must be of type string or an instance of Buffer, TypedArray, or DataView. Received undefined
[2026-06-17T00:42:26.286] [DEBUG] debug-file - Task 'entry:default@GeneratePkgModuleJson' cost while wrapping incremental declarations: 1 ms 
[2026-06-17T00:42:26.287] [DEBUG] debug-file - entry:default@GeneratePkgModuleJson is not up-to-date, since the input file 'E:\lezihuawei\target\entry\build\default\intermediates\res\default\module.json' has been changed.
[2026-06-17T00:42:26.287] [DEBUG] debug-file - Incremental task entry:default@GeneratePkgModuleJson pre-execution cost: 1 ms .
[2026-06-17T00:42:26.288] [DEBUG] debug-file - entry : default@GeneratePkgModuleJson cost memory 0.1749114990234375
[2026-06-17T00:42:26.288] [DEBUG] debug-file - runTaskFromQueue task cost before running: 1 s 845 ms 
[2026-06-17T00:42:26.288] [INFO] debug-file - Finished :entry:default@GeneratePkgModuleJson... after 3 ms 
[2026-06-17T00:42:26.289] [DEBUG] debug-file - Executing task :entry:default@ProcessCompiledResources
[2026-06-17T00:42:26.289] [DEBUG] debug-file - File: 'E:\lezihuawei\target\entry\build\default\intermediates\preload\default\preload.json' from 'preloadSoJsonPath' is not exists, just ignore.
[2026-06-17T00:42:26.289] [DEBUG] debug-file - Task 'entry:default@ProcessCompiledResources' cost while wrapping incremental declarations: 1 ms 
[2026-06-17T00:42:26.290] [DEBUG] debug-file - entry : default@ProcessCompiledResources cost memory 0.05547332763671875
[2026-06-17T00:42:26.290] [DEBUG] debug-file - runTaskFromQueue task cost before running: 1 s 846 ms 
[2026-06-17T00:42:26.290] [INFO] debug-file - Finished :entry:default@ProcessCompiledResources... after 1 ms 
[2026-06-17T00:42:26.291] [DEBUG] debug-file - Executing task :entry:default@PackageHap
[2026-06-17T00:42:26.293] [DEBUG] debug-file - entry:default@PackageHap is not up-to-date, since the input file 'E:\lezihuawei\target\entry\build\default\intermediates\res\default\module.json' has been changed.
[2026-06-17T00:42:26.293] [DEBUG] debug-file - Incremental task entry:default@PackageHap pre-execution cost: 2 ms .
[2026-06-17T00:42:26.294] [DEBUG] debug-file - Use tool [E:\DevEco Studio\sdk\default\openharmony\toolchains\lib\app_packing_tool.jar]
 [
  'java',
  '-Dfile.encoding=GBK',
  '-jar',
  'E:\\DevEco Studio\\sdk\\default\\openharmony\\toolchains\\lib\\app_packing_tool.jar',
  '--mode',
  'hap',
  '--force',
  'true',
  '--lib-path',
  'E:\\lezihuawei\\target\\entry\\build\\default\\intermediates\\stripped_native_libs\\default',
  '--json-path',
  'E:\\lezihuawei\\target\\entry\\build\\default\\intermediates\\package\\default\\module.json',
  '--resources-path',
  'E:\\lezihuawei\\target\\entry\\build\\default\\intermediates\\res\\default\\resources',
  '--index-path',
  'E:\\lezihuawei\\target\\entry\\build\\default\\intermediates\\res\\default\\resources.index',
  '--pack-info-path',
  'E:\\lezihuawei\\target\\entry\\build\\default\\outputs\\default\\pack.info',
  '--out-path',
  'E:\\lezihuawei\\target\\entry\\build\\default\\outputs\\default\\entry-default-unsigned.hap',
  '--ets-path',
  'E:\\lezihuawei\\target\\entry\\build\\default\\intermediates\\loader_out\\default\\ets'
]
[2026-06-17T00:42:26.317] [DEBUG] debug-file - java daemon socket received message:{"code":0,"message":"pack success"}
[2026-06-17T00:42:26.319] [DEBUG] debug-file - entry : default@PackageHap cost memory 0.35453033447265625
[2026-06-17T00:42:26.319] [DEBUG] debug-file - runTaskFromQueue task cost before running: 1 s 876 ms 
[2026-06-17T00:42:26.320] [INFO] debug-file - Finished :entry:default@PackageHap... after 29 ms 
[2026-06-17T00:42:26.321] [DEBUG] debug-file - Executing task :entry:default@PackingCheck
[2026-06-17T00:42:26.323] [DEBUG] debug-file - entry : default@PackingCheck cost memory 0.25183868408203125
[2026-06-17T00:42:26.323] [DEBUG] debug-file - runTaskFromQueue task cost before running: 1 s 880 ms 
[2026-06-17T00:42:26.323] [INFO] debug-file - Finished :entry:default@PackingCheck... after 3 ms 
[2026-06-17T00:42:26.324] [DEBUG] debug-file - Executing task :entry:default@SignHap
[2026-06-17T00:42:26.325] [DEBUG] debug-file - entry:default@SignHap is not up-to-date, since the input file 'E:\lezihuawei\target\entry\build\default\outputs\default\entry-default-unsigned.hap' has been changed.
[2026-06-17T00:42:26.325] [DEBUG] debug-file - Incremental task entry:default@SignHap pre-execution cost: 1 ms .
[2026-06-17T00:42:26.334] [DEBUG] debug-file - java daemon socket close code:1000 reason:close by user
[2026-06-17T00:42:26.348] [DEBUG] debug-file - java daemon socket received message:{"code":0,"message":"verify profile success"}
[2026-06-17T00:42:26.352] [DEBUG] debug-file - java daemon socket close code:1000 reason:close by user
[2026-06-17T00:42:26.424] [DEBUG] debug-file - java daemon socket received message:{"code":0,"message":"sign app success"}
[2026-06-17T00:42:26.425] [DEBUG] debug-file - entry : default@SignHap cost memory -0.6602859497070312
[2026-06-17T00:42:26.425] [DEBUG] debug-file - runTaskFromQueue task cost before running: 1 s 982 ms 
[2026-06-17T00:42:26.426] [INFO] debug-file - Finished :entry:default@SignHap... after 102 ms 
[2026-06-17T00:42:26.427] [DEBUG] debug-file - Executing task :entry:default@CollectDebugSymbol
[2026-06-17T00:42:26.428] [DEBUG] debug-file - entry : default@CollectDebugSymbol cost memory 0.080474853515625
[2026-06-17T00:42:26.428] [DEBUG] debug-file - runTaskFromQueue task cost before running: 1 s 985 ms 
[2026-06-17T00:42:26.428] [INFO] debug-file - Finished :entry:default@CollectDebugSymbol... after 2 ms 
[2026-06-17T00:42:26.429] [DEBUG] debug-file - Executing task :entry:assembleHap
[2026-06-17T00:42:26.429] [DEBUG] debug-file - entry : assembleHap cost memory 0.01220703125
[2026-06-17T00:42:26.429] [DEBUG] debug-file - runTaskFromQueue task cost before running: 1 s 986 ms 
[2026-06-17T00:42:26.429] [INFO] debug-file - Finished :entry:assembleHap... after 1 ms 
[2026-06-17T00:42:26.441] [INFO] debug-file - BUILD SUCCESSFUL in 1 s 997 ms 
[2026-06-17T00:42:26.441] [DEBUG] debug-file - There is no need to refresh cache, since the incremental task entry:default@PreBuild is up-to-date.
[2026-06-17T00:42:26.441] [DEBUG] debug-file - Update task entry:default@CreateModuleInfo output file:E:\lezihuawei\target\entry\build\default\generated\profile\default\ModuleInfo.ts cache.
[2026-06-17T00:42:26.441] [DEBUG] debug-file - Incremental task entry:default@CreateModuleInfo post-execution cost:1 ms .
[2026-06-17T00:42:26.441] [DEBUG] debug-file - Update task entry:default@GenerateMetadata input file:E:\lezihuawei\target\entry\src\main\module.json5 cache by regenerate.
[2026-06-17T00:42:26.442] [DEBUG] debug-file - Update task entry:default@GenerateMetadata output file:E:\lezihuawei\target\entry\build\default\intermediates\hap_metadata\default\output_metadata.json cache.
[2026-06-17T00:42:26.442] [DEBUG] debug-file - Incremental task entry:default@GenerateMetadata post-execution cost:1 ms .
[2026-06-17T00:42:26.442] [DEBUG] debug-file - Update task entry:default@MergeProfile input file:E:\lezihuawei\target\AppScope\app.json5 cache by regenerate.
[2026-06-17T00:42:26.442] [DEBUG] debug-file - Update task entry:default@MergeProfile input file:E:\lezihuawei\target\build-profile.json5 cache by regenerate.
[2026-06-17T00:42:26.442] [DEBUG] debug-file - Update task entry:default@MergeProfile input file:E:\lezihuawei\target\entry\src\main\module.json5 cache by regenerate.
[2026-06-17T00:42:26.442] [DEBUG] debug-file - Update task entry:default@MergeProfile output file:E:\lezihuawei\target\entry\build\default\intermediates\merge_profile\default\module.json cache.
[2026-06-17T00:42:26.443] [DEBUG] debug-file - Incremental task entry:default@MergeProfile post-execution cost:1 ms .
[2026-06-17T00:42:26.443] [DEBUG] debug-file - There is no need to refresh cache, since the incremental task entry:default@CreateBuildProfile is up-to-date.
[2026-06-17T00:42:26.443] [DEBUG] debug-file - Update task entry:default@GeneratePkgContextInfo output file:E:\lezihuawei\target\entry\build\default\intermediates\loader\default\pkgContextInfo.json cache.
[2026-06-17T00:42:26.443] [DEBUG] debug-file - Incremental task entry:default@GeneratePkgContextInfo post-execution cost:1 ms .
[2026-06-17T00:42:26.443] [DEBUG] debug-file - Update task entry:default@ProcessIntegratedHsp output file:E:\lezihuawei\target\build\cache\default\integrated_hsp\integratedHspCache.json cache.
[2026-06-17T00:42:26.443] [DEBUG] debug-file - Incremental task entry:default@ProcessIntegratedHsp post-execution cost:1 ms .
[2026-06-17T00:42:26.443] [DEBUG] debug-file - There is no need to refresh cache, since the incremental task entry:default@MakePackInfo is up-to-date.
[2026-06-17T00:42:26.443] [DEBUG] debug-file - Update task entry:default@SyscapTransform input file:E:\DevEco Studio\sdk\default\openharmony\toolchains\syscap_tool.exe cache by regenerate.
[2026-06-17T00:42:26.443] [DEBUG] debug-file - Update task entry:default@SyscapTransform input file:E:\DevEco Studio\sdk\default\openharmony\ets\api\device-define cache by regenerate.
[2026-06-17T00:42:26.444] [DEBUG] debug-file - Update task entry:default@SyscapTransform output file:E:\lezihuawei\target\entry\build\default\intermediates\syscap\default\rpcid.sc cache.
[2026-06-17T00:42:26.444] [DEBUG] debug-file - Incremental task entry:default@SyscapTransform post-execution cost:2 ms .
[2026-06-17T00:42:26.444] [DEBUG] debug-file - Update task entry:default@ProcessProfile input file:E:\lezihuawei\target\entry\build\default\intermediates\merge_profile\default\module.json cache from map.
[2026-06-17T00:42:26.444] [DEBUG] debug-file - Update task entry:default@ProcessProfile output file:E:\lezihuawei\target\entry\build\default\intermediates\process_profile\default\module.json cache.
[2026-06-17T00:42:26.444] [DEBUG] debug-file - Incremental task entry:default@ProcessProfile post-execution cost:1 ms .
[2026-06-17T00:42:26.445] [DEBUG] debug-file - Update task entry:default@ProcessRouterMap input file:E:\lezihuawei\target\entry\oh-package.json5 cache by regenerate.
[2026-06-17T00:42:26.445] [DEBUG] debug-file - Update task entry:default@ProcessRouterMap input file:E:\lezihuawei\target\oh-package.json5 cache by regenerate.
[2026-06-17T00:42:26.445] [DEBUG] debug-file - Update task entry:default@ProcessRouterMap input file:E:\lezihuawei\target\entry\src\main\module.json5 cache by regenerate.
[2026-06-17T00:42:26.445] [DEBUG] debug-file - Update task entry:default@ProcessRouterMap output file:E:\lezihuawei\target\entry\build\default\intermediates\router_map\default\temp-router-map.json cache.
[2026-06-17T00:42:26.445] [DEBUG] debug-file - Update task entry:default@ProcessRouterMap output file:E:\lezihuawei\target\entry\build\default\intermediates\router_map\default\loader-router-map.json cache.
[2026-06-17T00:42:26.445] [DEBUG] debug-file - Incremental task entry:default@ProcessRouterMap post-execution cost:1 ms .
[2026-06-17T00:42:26.445] [DEBUG] debug-file - Update task entry:default@ProcessShareConfig input file:E:\lezihuawei\target\entry\oh-package.json5 cache by regenerate.
[2026-06-17T00:42:26.446] [DEBUG] debug-file - Update task entry:default@ProcessShareConfig input file:E:\lezihuawei\target\oh-package.json5 cache by regenerate.
[2026-06-17T00:42:26.446] [DEBUG] debug-file - Update task entry:default@ProcessShareConfig input file:E:\lezihuawei\target\entry\src\main\module.json5 cache by regenerate.
[2026-06-17T00:42:26.446] [DEBUG] debug-file - Update task entry:default@ProcessShareConfig output file:E:\lezihuawei\target\entry\build\default\intermediates\share_config\default\temp-share-config.json cache.
[2026-06-17T00:42:26.446] [DEBUG] debug-file - Incremental task entry:default@ProcessShareConfig post-execution cost:1 ms .
[2026-06-17T00:42:26.446] [DEBUG] debug-file - Update task entry:default@ProcessStartupConfig output file:E:\lezihuawei\target\entry\build\default\intermediates\startup\default\startup_config.json cache.
[2026-06-17T00:42:26.446] [DEBUG] debug-file - Incremental task entry:default@ProcessStartupConfig post-execution cost:1 ms .
[2026-06-17T00:42:26.446] [DEBUG] debug-file - Update task entry:default@ProcessResource output file:E:\lezihuawei\target\entry\build\default\intermediates\res\default\resConfig.json cache.
[2026-06-17T00:42:26.446] [DEBUG] debug-file - Update task entry:default@ProcessResource output file:E:\lezihuawei\target\entry\build\default\intermediates\res\default\opt-compression.json cache.
[2026-06-17T00:42:26.447] [DEBUG] debug-file - Incremental task entry:default@ProcessResource post-execution cost:1 ms .
[2026-06-17T00:42:26.447] [DEBUG] debug-file - Update task entry:default@GenerateLoaderJson input file:E:\lezihuawei\target\entry\build\default\intermediates\router_map\default\temp-router-map.json cache from map.
[2026-06-17T00:42:26.447] [DEBUG] debug-file - Update task entry:default@GenerateLoaderJson output file:E:\lezihuawei\target\entry\build\default\intermediates\loader\default\loader.json cache.
[2026-06-17T00:42:26.448] [DEBUG] debug-file - Incremental task entry:default@GenerateLoaderJson post-execution cost:1 ms .
[2026-06-17T00:42:26.448] [DEBUG] debug-file - Update task entry:default@ProcessLibs input file:E:\lezihuawei\target\build-profile.json5 cache by regenerate.
[2026-06-17T00:42:26.448] [DEBUG] debug-file - Update task entry:default@ProcessLibs input file:E:\lezihuawei\target\entry\build-profile.json5 cache by regenerate.
[2026-06-17T00:42:26.448] [DEBUG] debug-file - Update task entry:default@ProcessLibs output file:E:\lezihuawei\target\entry\build\default\intermediates\libs\default cache.
[2026-06-17T00:42:26.448] [DEBUG] debug-file - Incremental task entry:default@ProcessLibs post-execution cost:1 ms .
[2026-06-17T00:42:26.449] [DEBUG] debug-file - Update task entry:default@CompileResource input file:E:\lezihuawei\target\entry\src\main\resources cache by regenerate.
[2026-06-17T00:42:26.450] [DEBUG] debug-file - Update task entry:default@CompileResource input file:E:\lezihuawei\target\AppScope\resources cache by regenerate.
[2026-06-17T00:42:26.452] [DEBUG] debug-file - Update task entry:default@CompileResource input file:E:\lezihuawei\target\entry\build\default\intermediates\process_profile\default\module.json cache from map.
[2026-06-17T00:42:26.452] [DEBUG] debug-file - Update task entry:default@CompileResource input file:E:\lezihuawei\target\entry\build\default\intermediates\res\default\resConfig.json cache by regenerate.
[2026-06-17T00:42:26.452] [DEBUG] debug-file - Update task entry:default@CompileResource output file:E:\lezihuawei\target\entry\build\default\intermediates\res\default cache.
[2026-06-17T00:42:26.455] [DEBUG] debug-file - Update task entry:default@CompileResource output file:E:\lezihuawei\target\entry\build\default\generated\r\default\ResourceTable.h cache.
[2026-06-17T00:42:26.455] [DEBUG] debug-file - Update task entry:default@CompileResource output file:E:\lezihuawei\target\entry\build\default\generated\r\default cache.
[2026-06-17T00:42:26.455] [DEBUG] debug-file - Incremental task entry:default@CompileResource post-execution cost:7 ms .
[2026-06-17T00:42:26.455] [DEBUG] debug-file - Update task entry:default@DoNativeStrip input file:E:\lezihuawei\target\entry\build\default\intermediates\libs\default cache by regenerate.
[2026-06-17T00:42:26.455] [DEBUG] debug-file - Update task entry:default@DoNativeStrip output file:E:\lezihuawei\target\entry\build\default\intermediates\stripped_native_libs\default cache.
[2026-06-17T00:42:26.456] [DEBUG] debug-file - Incremental task entry:default@DoNativeStrip post-execution cost:1 ms .
[2026-06-17T00:42:26.457] [DEBUG] debug-file - Update task entry:default@CompileArkTS input file:E:\lezihuawei\target\entry\build\default\intermediates\loader\default cache from map.
[2026-06-17T00:42:26.457] [DEBUG] debug-file - Update task entry:default@CompileArkTS input file:E:\lezihuawei\target\entry\build\default\intermediates\res\default\ResourceTable.txt cache by regenerate.
[2026-06-17T00:42:26.457] [DEBUG] debug-file - Update task entry:default@CompileArkTS input file:E:\lezihuawei\target\entry\build\default\intermediates\res\default\ark_module.json cache by regenerate.
[2026-06-17T00:42:26.457] [DEBUG] debug-file - Update task entry:default@CompileArkTS input file:E:\lezihuawei\target\entry\build\default\intermediates\res\default\resources\base\profile cache by regenerate.
[2026-06-17T00:42:26.457] [DEBUG] debug-file - Update task entry:default@CompileArkTS input file:E:\lezihuawei\target\entry\src\main\ets cache by regenerate.
[2026-06-17T00:42:26.459] [DEBUG] debug-file - Update task entry:default@CompileArkTS input file:E:\lezihuawei\target\entry\build\default\generated\profile\default\BuildProfile.ets cache by regenerate.
[2026-06-17T00:42:26.459] [DEBUG] debug-file - Update task entry:default@CompileArkTS output file:E:\lezihuawei\target\entry\build\default\intermediates\loader_out\default\ets cache.
[2026-06-17T00:42:26.460] [DEBUG] debug-file - Incremental task entry:default@CompileArkTS post-execution cost:5 ms .
[2026-06-17T00:42:26.461] [DEBUG] debug-file - Update task entry:default@BuildJS input file:E:\lezihuawei\target\entry\build\default\intermediates\loader\default cache by regenerate.
[2026-06-17T00:42:26.461] [DEBUG] debug-file - Update task entry:default@BuildJS input file:E:\lezihuawei\target\entry\build\default\intermediates\res\default\ResourceTable.txt cache by regenerate.
[2026-06-17T00:42:26.461] [DEBUG] debug-file - Update task entry:default@BuildJS input file:E:\lezihuawei\target\entry\build\default\intermediates\res\default\ark_module.json cache by regenerate.
[2026-06-17T00:42:26.461] [DEBUG] debug-file - Update task entry:default@BuildJS input file:E:\lezihuawei\target\entry\build\default\intermediates\res\default\resources\base\profile cache by regenerate.
[2026-06-17T00:42:26.462] [DEBUG] debug-file - Update task entry:default@BuildJS output file:E:\lezihuawei\target\entry\build\default\intermediates\loader_out\default\js cache.
[2026-06-17T00:42:26.462] [DEBUG] debug-file - Incremental task entry:default@BuildJS post-execution cost:3 ms .
[2026-06-17T00:42:26.462] [DEBUG] debug-file - Update task entry:default@CacheNativeLibs input file:E:\lezihuawei\target\entry\build\default\intermediates\stripped_native_libs\default cache by regenerate.
[2026-06-17T00:42:26.462] [DEBUG] debug-file - Update task entry:default@CacheNativeLibs input file:E:\lezihuawei\target\entry\build\default\intermediates\libs\default cache by regenerate.
[2026-06-17T00:42:26.462] [DEBUG] debug-file - Update task entry:default@CacheNativeLibs output file:E:\lezihuawei\target\entry\build\default\intermediates\patch\default\base_native_libs.json cache.
[2026-06-17T00:42:26.462] [DEBUG] debug-file - Incremental task entry:default@CacheNativeLibs post-execution cost:1 ms .
[2026-06-17T00:42:26.462] [DEBUG] debug-file - Update task entry:default@GeneratePkgModuleJson input file:E:\lezihuawei\target\entry\build\default\intermediates\res\default\module.json cache from map.
[2026-06-17T00:42:26.463] [DEBUG] debug-file - Update task entry:default@GeneratePkgModuleJson output file:E:\lezihuawei\target\entry\build\default\intermediates\package\default\module.json cache.
[2026-06-17T00:42:26.463] [DEBUG] debug-file - Incremental task entry:default@GeneratePkgModuleJson post-execution cost:1 ms .
[2026-06-17T00:42:26.463] [DEBUG] debug-file - Incremental task entry:default@ProcessCompiledResources post-execution cost:1 ms .
[2026-06-17T00:42:26.463] [DEBUG] debug-file - Update task entry:default@PackageHap input file:E:\lezihuawei\target\entry\build\default\intermediates\stripped_native_libs\default cache by regenerate.
[2026-06-17T00:42:26.464] [DEBUG] debug-file - Update task entry:default@PackageHap input file:E:\lezihuawei\target\entry\build\default\intermediates\res\default\module.json cache from map.
[2026-06-17T00:42:26.464] [DEBUG] debug-file - Update task entry:default@PackageHap input file:E:\lezihuawei\target\entry\build\default\intermediates\res\default\resources cache by regenerate.
[2026-06-17T00:42:26.465] [DEBUG] debug-file - Update task entry:default@PackageHap input file:E:\lezihuawei\target\entry\build\default\intermediates\res\default\resources.index cache by regenerate.
[2026-06-17T00:42:26.465] [DEBUG] debug-file - Update task entry:default@PackageHap input file:E:\lezihuawei\target\entry\build\default\outputs\default\pack.info cache by regenerate.
[2026-06-17T00:42:26.465] [DEBUG] debug-file - Update task entry:default@PackageHap input file:E:\lezihuawei\target\entry\build\default\intermediates\loader_out\default\ets cache by regenerate.
[2026-06-17T00:42:26.465] [DEBUG] debug-file - Update task entry:default@PackageHap input file:E:\lezihuawei\target\entry\build\default\intermediates\loader_out\default\ets\sourceMaps.map cache by regenerate.
[2026-06-17T00:42:26.466] [DEBUG] debug-file - Update task entry:default@PackageHap input file:E:\lezihuawei\target\entry\build\default\generated\profile\default\BuildProfile.ets cache by regenerate.
[2026-06-17T00:42:26.466] [DEBUG] debug-file - Update task entry:default@PackageHap output file:E:\lezihuawei\target\entry\build\default\outputs\default\entry-default-unsigned.hap cache.
[2026-06-17T00:42:26.466] [DEBUG] debug-file - Update task entry:default@PackageHap output file:E:\lezihuawei\target\entry\build\default\intermediates\source_map\default\sourceMaps.map cache.
[2026-06-17T00:42:26.466] [DEBUG] debug-file - Update task entry:default@PackageHap output file:E:\lezihuawei\target\entry\build\default\outputs\default\mapping\sourceMaps.map cache.
[2026-06-17T00:42:26.466] [DEBUG] debug-file - Incremental task entry:default@PackageHap post-execution cost:4 ms .
[2026-06-17T00:42:26.467] [DEBUG] debug-file - Update task entry:default@SignHap input file:C:\Users\29533\.ohos\config\default_target_BYPSP_PDcOBQOymArOWAFCLsPbKInZqFf7QM2ofA0Hg=.cer cache by regenerate.
[2026-06-17T00:42:26.467] [DEBUG] debug-file - Update task entry:default@SignHap input file:C:\Users\29533\.ohos\config\default_target_BYPSP_PDcOBQOymArOWAFCLsPbKInZqFf7QM2ofA0Hg=.p7b cache by regenerate.
[2026-06-17T00:42:26.467] [DEBUG] debug-file - Update task entry:default@SignHap input file:C:\Users\29533\.ohos\config\default_target_BYPSP_PDcOBQOymArOWAFCLsPbKInZqFf7QM2ofA0Hg=.p12 cache by regenerate.
[2026-06-17T00:42:26.467] [DEBUG] debug-file - Update task entry:default@SignHap input file:E:\lezihuawei\target\entry\build\default\outputs\default\entry-default-unsigned.hap cache from map.
[2026-06-17T00:42:26.467] [DEBUG] debug-file - Update task entry:default@SignHap output file:E:\lezihuawei\target\entry\build\default\outputs\default\entry-default-signed.hap cache.
[2026-06-17T00:42:26.467] [DEBUG] debug-file - Incremental task entry:default@SignHap post-execution cost:1 ms .
[2026-06-17T00:42:26.468] [DEBUG] debug-file - Update task entry:default@CollectDebugSymbol input file:E:\lezihuawei\target\entry\build\default\intermediates\loader_out\default\ets\sourceMaps.map cache by regenerate.
[2026-06-17T00:42:26.468] [DEBUG] debug-file - Update task entry:default@CollectDebugSymbol input file:E:\lezihuawei\target\entry\build\default\intermediates\libs\default cache by regenerate.
[2026-06-17T00:42:26.469] [DEBUG] debug-file - Update task entry:default@CollectDebugSymbol output file:E:\lezihuawei\target\entry\build\default\outputs\default\symbol cache.
[2026-06-17T00:42:26.469] [DEBUG] debug-file - Incremental task entry:default@CollectDebugSymbol post-execution cost:2 ms .
[2026-06-17T00:42:26.494] [DEBUG] debug-file - Cleanup worker 18.
[2026-06-17T00:42:26.494] [DEBUG] debug-file - Worker 18 has been cleaned up.
[2026-06-17T00:42:26.494] [DEBUG] debug-file - Current idle worker size: 2.
[2026-06-17T00:42:26.494] [DEBUG] debug-file - Current resident worker size: 3.
[2026-06-17T00:42:26.494] [DEBUG] debug-file - Cleanup worker 17.
[2026-06-17T00:42:26.494] [DEBUG] debug-file - Worker 17 has been cleaned up.
[2026-06-17T00:42:26.494] [DEBUG] debug-file - Current idle worker size: 1.
[2026-06-17T00:42:26.494] [DEBUG] debug-file - Current resident worker size: 3.
[2026-06-17T00:42:26.495] [DEBUG] debug-file - hvigor build process will be closed.
[2026-06-17T00:42:26.495] [DEBUG] debug-file - java daemon socket close code:1000 reason:close by user
[2026-06-17T00:42:26.500] [DEBUG] debug-file - session manager: send message to worker process.
[2026-06-17T00:42:26.500] [DEBUG] debug-file - session manager: send message to worker process.
[2026-06-17T00:42:26.500] [DEBUG] debug-file - watch worker: worker id should be larger than 0. Nothing will be sent to any worker thread.
[2026-06-17T00:42:26.500] [DEBUG] debug-file - watch worker: worker id should be larger than 0. Nothing will be sent to any worker thread.
[2026-06-17T00:42:26.508] [DEBUG] debug-file - worker[18] exits with exit code 1.
[2026-06-17T00:42:26.510] [DEBUG] debug-file - worker[17] exits with exit code 1.
[2026-06-23T16:47:12.812] [DEBUG] debug-file - java daemon tryConnect failed Error: connect ECONNREFUSED 127.0.0.1:45050
[2026-06-23T16:47:12.953] [DEBUG] debug-file - java daemon started at port 45050 pid 11256
[2026-06-23T16:47:07.298] [DEBUG] debug-file - env: nodejsVersion=v18.20.1
[2026-06-23T16:47:07.639] [DEBUG] debug-file - env: daemon=true
[2026-06-23T16:47:07.302] [DEBUG] debug-file - env: hvigor-config.json5 content = { modelVersion: '5.0.0', dependencies: {} }
[2026-06-23T16:47:14.710] [DEBUG] debug-file - session manager: set active socket. socketId=QEdGJ25HmvjN6OIpAAAB
[2026-06-23T16:47:14.738] [DEBUG] debug-file - watch worker: worker id should be larger than 0. Nothing will be sent to any worker thread.
[2026-06-23T16:47:14.745] [DEBUG] debug-file - Since there is no instance or instance is terminated, create a new worker pool.
[2026-06-23T16:47:14.746] [DEBUG] debug-file - Worker pool is initialized with config:  {
  minPoolNum: 2,
  maxPoolNum: undefined,
  maxCoreSize: undefined,
  cacheCapacity: undefined,
  cacheTtl: undefined
}
[2026-06-23T16:47:14.747] [DEBUG] debug-file - Create  resident worker with id: 0.
[2026-06-23T16:47:14.751] [DEBUG] debug-file - Create  resident worker with id: 1.
[2026-06-23T16:47:14.755] [DEBUG] debug-file - Workers' log level updated to INFO
[2026-06-23T16:47:14.773] [DEBUG] debug-file - Hvigor init with startParameters:{
  hvigorfileTypeCheck: false,
  parallelExecution: true,
  incrementalExecution: true,
  printStackTrace: false,
  daemon: true,
  analyze: 0,
  logLevel: Level { level: 20000, levelStr: 'INFO', colour: 'green' },
  optimizationStrategy: 'memory',
  hotCompile: undefined,
  hotReloadBuild: undefined,
  customizedParam: undefined
}
[2026-06-23T16:47:14.827] [DEBUG] debug-file - Cache service initialization finished in 53 ms 
[2026-06-23T16:47:14.830] [DEBUG] debug-file - hvigorfile, resolving E:\lezihuawei\target\hvigorfile.ts
[2026-06-23T16:47:59.143] [DEBUG] debug-file - hvigorfile, require result:  {}
[2026-06-23T16:47:59.144] [DEBUG] debug-file - hvigorfile, binding system plugins {}
[2026-06-23T16:47:59.145] [DEBUG] debug-file - Starting plugin build process
[2026-06-23T16:47:59.146] [DEBUG] debug-file - App plugin prepare start...
[2026-06-23T16:47:59.146] [DEBUG] debug-file - App plugin prepare end...
[2026-06-23T16:47:59.146] [DEBUG] debug-file - App plugin creating...
[2026-06-23T16:47:59.586] [DEBUG] debug-file - App plugin register hook start...
[2026-06-23T16:47:59.587] [DEBUG] debug-file - App plugin register hook end...
[2026-06-23T16:47:59.587] [DEBUG] debug-file - Plugin build process completed
[2026-06-23T16:47:59.590] [DEBUG] debug-file - Start initialize project's product build option map with build mode debug.
[2026-06-23T16:47:59.590] [DEBUG] debug-file - Picking option from product 'default' with build mode 'debug'.
[2026-06-23T16:47:59.591] [DEBUG] debug-file - Product 'default' build option initialized
[2026-06-23T16:47:59.591] [DEBUG] debug-file - End initialize project's product build option map with build mode 'debug'.
[2026-06-23T16:47:59.596] [DEBUG] debug-file - Obtain build option for product 'default'in this build.
[2026-06-23T16:47:59.615] [DEBUG] debug-file - E:\lezihuawei\target\build\cache\default\remote_hsp\remoteHspCache.json not exists.
[2026-06-23T16:47:59.634] [DEBUG] debug-file - Local scan or download HarmonyOS sdk components toolchains,ets,js,native,previewer
[2026-06-23T16:47:59.645] [DEBUG] debug-file - Local scan or download hmscore sdk components toolchains,ets,native
[2026-06-23T16:47:59.653] [DEBUG] debug-file - Start recording SDK configuration permission data.
[2026-06-23T16:47:59.738] [DEBUG] debug-file - Sdk init in 107 ms 
[2026-06-23T16:47:59.750] [DEBUG] debug-file - Project task initialization takes 10 ms 
[2026-06-23T16:47:59.750] [DEBUG] debug-file - hvigorfile, resolve finished E:\lezihuawei\target\hvigorfile.ts
[2026-06-23T16:47:59.751] [DEBUG] debug-file - hvigorfile, resolving E:\lezihuawei\target\entry\hvigorfile.ts
[2026-06-23T16:47:59.776] [DEBUG] debug-file - hvigorfile, require result:  {}
[2026-06-23T16:47:59.777] [DEBUG] debug-file - hvigorfile, binding system plugins {}
[2026-06-23T16:47:59.778] [DEBUG] debug-file - Starting plugin build process
[2026-06-23T16:47:59.778] [DEBUG] debug-file - Hap plugin creating...
[2026-06-23T16:47:59.781] [DEBUG] debug-file - failed to load cangjie to dynamically generate schemas: Error: Cannot find module '@ohos/cangjie-build-support/index'
Require stack:
- E:\DevEco Studio\tools\hvigor\hvigor-ohos-plugin\src\plugin\hooks\cangjie-register.js
- E:\DevEco Studio\tools\hvigor\hvigor-ohos-plugin\src\plugin\strategy\stage-init-strategy.js
- E:\DevEco Studio\tools\hvigor\hvigor-ohos-plugin\src\plugin\builder\abstract-plugin-builder.js
- E:\DevEco Studio\tools\hvigor\hvigor-ohos-plugin\src\plugin\builder\app-plugin-builder.js
- E:\DevEco Studio\tools\hvigor\hvigor-ohos-plugin\src\plugin\factory\plugin-factory.js
- E:\DevEco Studio\tools\hvigor\hvigor-ohos-plugin\index.js
- E:\lezihuawei\target\hvigorfile.ts
- E:\DevEco Studio\tools\hvigor\hvigor\src\base\internal\lifecycle\configuration.js
- E:\DevEco Studio\tools\hvigor\hvigor\src\base\boot\index.js
- E:\DevEco Studio\tools\hvigor\hvigor\src\base\daemon\cluster\worker-process-lifecycle.js
- E:\DevEco Studio\tools\hvigor\hvigor\src\base\daemon\process\daemon-process-boot-script.js
[2026-06-23T16:47:59.813] [DEBUG] debug-file - Start initialize module-target build option map, moduleName=entry, buildMode=debug
[2026-06-23T16:47:59.814] [DEBUG] debug-file - Target 'default' config initialized
[2026-06-23T16:47:59.815] [DEBUG] debug-file - Module 'entry' target 'default' build option initialized
[2026-06-23T16:47:59.815] [DEBUG] debug-file - End initialize module-target build option map, moduleName=entry
[2026-06-23T16:47:59.815] [DEBUG] debug-file - Start initialize module-target build option map, moduleName=entry, buildMode=release
[2026-06-23T16:47:59.815] [DEBUG] debug-file - Target 'default' config initialized
[2026-06-23T16:47:59.816] [DEBUG] debug-file - Module 'entry' target 'default' build option initialized
[2026-06-23T16:47:59.816] [DEBUG] debug-file - End initialize module-target build option map, moduleName=entry
[2026-06-23T16:47:59.817] [DEBUG] debug-file - Start initialize module-target build option map, moduleName=entry, buildMode=debug
[2026-06-23T16:47:59.817] [DEBUG] debug-file - Target 'default' config initialized
[2026-06-23T16:47:59.817] [DEBUG] debug-file - Module 'entry' target 'default' build option initialized
[2026-06-23T16:47:59.817] [DEBUG] debug-file - End initialize module-target build option map, moduleName=entry
[2026-06-23T16:47:59.818] [DEBUG] debug-file - Obtain build option for module 'entry' target 'default'in this build.
[2026-06-23T16:47:59.829] [DEBUG] debug-file - Module entry task initialization takes 9 ms 
[2026-06-23T16:47:59.829] [DEBUG] debug-file - Hap plugin register hook start...
[2026-06-23T16:47:59.829] [DEBUG] debug-file - Hap plugin register hook end...
[2026-06-23T16:47:59.829] [DEBUG] debug-file - Plugin build process completed
[2026-06-23T16:47:59.829] [DEBUG] debug-file - hvigorfile, resolve finished E:\lezihuawei\target\entry\hvigorfile.ts
[2026-06-23T16:47:59.866] [DEBUG] debug-file - hvigorfile, resolve hvigorfile dependencies in 36 ms 
[2026-06-23T16:47:59.867] [DEBUG] debug-file - project has submodules:entry
[2026-06-23T16:47:59.884] [DEBUG] debug-file - start to load updatedOhPackageInfo to the disk
[2026-06-23T16:47:59.894] [DEBUG] debug-file - load to the disk finished
[2026-06-23T16:47:59.897] [DEBUG] debug-file - Start to initialize dependency information.
[2026-06-23T16:47:59.902] [DEBUG] debug-file - Module target Collected Dependency: 
[2026-06-23T16:47:59.902] [DEBUG] debug-file - Module target's total dependency: 0
[2026-06-23T16:47:59.906] [DEBUG] debug-file - Start to initialize dependency information.
[2026-06-23T16:47:59.912] [DEBUG] debug-file - Module entry Collected Dependency: 
[2026-06-23T16:47:59.913] [DEBUG] debug-file - Module entry's total dependency: 0
[2026-06-23T16:47:59.921] [DEBUG] debug-file - Configuration phase cost:45 s 94 ms 
[2026-06-23T16:47:59.925] [DEBUG] debug-file - Configuration task cost before running: 45 s 169 ms 
[2026-06-23T16:47:59.939] [DEBUG] debug-file - Executing task :entry:default@PreBuild
[2026-06-23T16:47:59.943] [DEBUG] debug-file - Task 'entry:default@PreBuild' cost while wrapping incremental declarations: 1 ms 
[2026-06-23T16:47:59.968] [DEBUG] debug-file - Incremental task entry:default@PreBuild pre-execution cost: 17 ms .
[2026-06-23T16:47:59.969] [DEBUG] debug-file - entry : default@PreBuild cost memory 0.5857086181640625
[2026-06-23T16:47:59.973] [INFO] debug-file - UP-TO-DATE :entry:default@PreBuild...  
[2026-06-23T16:47:59.974] [DEBUG] debug-file - Executing task :entry:default@CreateModuleInfo
[2026-06-23T16:47:59.975] [DEBUG] debug-file - Task 'entry:default@CreateModuleInfo' cost while wrapping incremental declarations: 1 ms 
[2026-06-23T16:47:59.976] [DEBUG] debug-file - entry : default@CreateModuleInfo cost memory 0.04254913330078125
[2026-06-23T16:47:59.976] [DEBUG] debug-file - runTaskFromQueue task cost before running: 45 s 220 ms 
[2026-06-23T16:47:59.977] [INFO] debug-file - Finished :entry:default@CreateModuleInfo... after 2 ms 
[2026-06-23T16:47:59.985] [DEBUG] debug-file - Executing task :entry:default@GenerateMetadata
[2026-06-23T16:47:59.986] [DEBUG] debug-file - Task 'entry:default@GenerateMetadata' cost while wrapping incremental declarations: 2 ms 
[2026-06-23T16:47:59.989] [DEBUG] debug-file - Incremental task entry:default@GenerateMetadata pre-execution cost: 2 ms .
[2026-06-23T16:47:59.989] [DEBUG] debug-file - entry : default@GenerateMetadata cost memory 0.096405029296875
[2026-06-23T16:47:59.990] [INFO] debug-file - UP-TO-DATE :entry:default@GenerateMetadata...  
[2026-06-23T16:47:59.998] [DEBUG] debug-file - Executing task :entry:default@ConfigureCmake
[2026-06-23T16:47:59.999] [DEBUG] debug-file - entry : default@ConfigureCmake cost memory 0.0145263671875
[2026-06-23T16:47:59.999] [DEBUG] debug-file - runTaskFromQueue task cost before running: 45 s 243 ms 
[2026-06-23T16:48:00.000] [INFO] debug-file - Finished :entry:default@ConfigureCmake... after 2 ms 
[2026-06-23T16:48:00.003] [DEBUG] debug-file - Executing task :entry:default@MergeProfile
[2026-06-23T16:48:00.004] [DEBUG] debug-file - Task 'entry:default@MergeProfile' cost while wrapping incremental declarations: 1 ms 
[2026-06-23T16:48:00.010] [DEBUG] debug-file - Incremental task entry:default@MergeProfile pre-execution cost: 5 ms .
[2026-06-23T16:48:00.010] [DEBUG] debug-file - entry : default@MergeProfile cost memory 0.371337890625
[2026-06-23T16:48:00.011] [INFO] debug-file - UP-TO-DATE :entry:default@MergeProfile...  
[2026-06-23T16:48:00.014] [DEBUG] debug-file - Executing task :entry:default@CreateBuildProfile
[2026-06-23T16:48:00.015] [DEBUG] debug-file - Task 'entry:default@CreateBuildProfile' cost while wrapping incremental declarations: 2 ms 
[2026-06-23T16:48:00.018] [DEBUG] debug-file - Incremental task entry:default@CreateBuildProfile pre-execution cost: 3 ms .
[2026-06-23T16:48:00.019] [DEBUG] debug-file - entry : default@CreateBuildProfile cost memory 0.10066986083984375
[2026-06-23T16:48:00.020] [INFO] debug-file - UP-TO-DATE :entry:default@CreateBuildProfile...  
[2026-06-23T16:48:00.023] [DEBUG] debug-file - Executing task :entry:default@PreCheckSyscap
[2026-06-23T16:48:00.024] [DEBUG] debug-file - entry : default@PreCheckSyscap cost memory 0.01476287841796875
[2026-06-23T16:48:00.025] [DEBUG] debug-file - runTaskFromQueue task cost before running: 45 s 268 ms 
[2026-06-23T16:48:00.026] [INFO] debug-file - Finished :entry:default@PreCheckSyscap... after 2 ms 
[2026-06-23T16:48:00.037] [DEBUG] debug-file - Executing task :entry:default@GeneratePkgContextInfo
[2026-06-23T16:48:00.046] [DEBUG] debug-file - Task 'entry:default@GeneratePkgContextInfo' cost while wrapping incremental declarations: 1 ms 
[2026-06-23T16:48:00.046] [DEBUG] debug-file - entry : default@GeneratePkgContextInfo cost memory 0.6757888793945312
[2026-06-23T16:48:00.047] [DEBUG] debug-file - runTaskFromQueue task cost before running: 45 s 290 ms 
[2026-06-23T16:48:00.047] [INFO] debug-file - Finished :entry:default@GeneratePkgContextInfo... after 11 ms 
[2026-06-23T16:48:00.051] [DEBUG] debug-file - Executing task :entry:default@ProcessIntegratedHsp
[2026-06-23T16:48:00.052] [DEBUG] debug-file - entry:default@ProcessIntegratedHsp is not up-to-date, since the output file 'E:\lezihuawei\target\build\cache\default\integrated_hsp\integratedHspCache.json' does not exist.
[2026-06-23T16:48:00.052] [DEBUG] debug-file - Incremental task entry:default@ProcessIntegratedHsp pre-execution cost: 1 ms .
[2026-06-23T16:48:00.052] [DEBUG] debug-file - entry : default@ProcessIntegratedHsp cost memory 0.0569000244140625
[2026-06-23T16:48:00.052] [DEBUG] debug-file - runTaskFromQueue task cost before running: 45 s 296 ms 
[2026-06-23T16:48:00.052] [INFO] debug-file - Finished :entry:default@ProcessIntegratedHsp... after 2 ms 
[2026-06-23T16:48:00.054] [DEBUG] debug-file - Executing task :entry:default@BuildNativeWithCmake
[2026-06-23T16:48:00.054] [DEBUG] debug-file - entry : default@BuildNativeWithCmake cost memory 0.0149078369140625
[2026-06-23T16:48:00.054] [DEBUG] debug-file - runTaskFromQueue task cost before running: 45 s 298 ms 
[2026-06-23T16:48:00.054] [INFO] debug-file - Finished :entry:default@BuildNativeWithCmake... after 1 ms 
[2026-06-23T16:48:00.056] [DEBUG] debug-file - Executing task :entry:default@MakePackInfo
[2026-06-23T16:48:00.058] [DEBUG] debug-file - Incremental task entry:default@MakePackInfo pre-execution cost: 2 ms .
[2026-06-23T16:48:00.059] [DEBUG] debug-file - entry : default@MakePackInfo cost memory 0.106292724609375
[2026-06-23T16:48:00.059] [INFO] debug-file - UP-TO-DATE :entry:default@MakePackInfo...  
[2026-06-23T16:48:00.062] [DEBUG] debug-file - Executing task :entry:default@SyscapTransform
[2026-06-23T16:48:00.062] [DEBUG] debug-file - File: 'E:\lezihuawei\target\entry\src\main\syscap.json' from 'sysCapJsonPath' is not exists, just ignore.
[2026-06-23T16:48:00.065] [DEBUG] debug-file - Task 'entry:default@SyscapTransform' cost while wrapping incremental declarations: 3 ms 
[2026-06-23T16:48:00.084] [DEBUG] debug-file - entry:default@SyscapTransform is not up-to-date, since the output file 'E:\lezihuawei\target\entry\build\default\intermediates\syscap\default\rpcid.sc' does not exist.
[2026-06-23T16:48:00.084] [DEBUG] debug-file - Incremental task entry:default@SyscapTransform pre-execution cost: 19 ms .
[2026-06-23T16:48:00.085] [DEBUG] debug-file - entry : default@SyscapTransform cost memory 0.153411865234375
[2026-06-23T16:48:00.085] [DEBUG] debug-file - runTaskFromQueue task cost before running: 45 s 329 ms 
[2026-06-23T16:48:00.085] [INFO] debug-file - Finished :entry:default@SyscapTransform... after 23 ms 
[2026-06-23T16:48:00.089] [DEBUG] debug-file - Executing task :entry:default@ProcessProfile
[2026-06-23T16:48:00.108] [DEBUG] debug-file - Task 'entry:default@ProcessProfile' cost while wrapping incremental declarations: 1 ms 
[2026-06-23T16:48:00.109] [DEBUG] debug-file - Incremental task entry:default@ProcessProfile pre-execution cost: 2 ms .
[2026-06-23T16:48:00.110] [DEBUG] debug-file - entry : default@ProcessProfile cost memory 0.1418609619140625
[2026-06-23T16:48:00.110] [INFO] debug-file - UP-TO-DATE :entry:default@ProcessProfile...  
[2026-06-23T16:48:00.111] [DEBUG] debug-file - Executing task :entry:default@ProcessRouterMap
[2026-06-23T16:48:00.117] [DEBUG] debug-file - Incremental task entry:default@ProcessRouterMap pre-execution cost: 4 ms .
[2026-06-23T16:48:00.117] [DEBUG] debug-file - entry : default@ProcessRouterMap cost memory 0.13394927978515625
[2026-06-23T16:48:00.118] [INFO] debug-file - UP-TO-DATE :entry:default@ProcessRouterMap...  
[2026-06-23T16:48:00.121] [DEBUG] debug-file - Executing task :entry:default@ProcessShareConfig
[2026-06-23T16:48:00.125] [DEBUG] debug-file - Incremental task entry:default@ProcessShareConfig pre-execution cost: 4 ms .
[2026-06-23T16:48:00.126] [DEBUG] debug-file - entry : default@ProcessShareConfig cost memory 0.11090087890625
[2026-06-23T16:48:00.127] [INFO] debug-file - UP-TO-DATE :entry:default@ProcessShareConfig...  
[2026-06-23T16:48:00.129] [DEBUG] debug-file - Executing task :entry:default@ProcessStartupConfig
[2026-06-23T16:48:00.129] [DEBUG] debug-file - Task 'entry:default@ProcessStartupConfig' cost while wrapping incremental declarations: 1 ms 
[2026-06-23T16:48:00.131] [DEBUG] debug-file - entry:default@ProcessStartupConfig is not up-to-date, since the output file 'E:\lezihuawei\target\entry\build\default\intermediates\startup\default\startup_config.json' does not exist.
[2026-06-23T16:48:00.131] [DEBUG] debug-file - Incremental task entry:default@ProcessStartupConfig pre-execution cost: 1 ms .
[2026-06-23T16:48:00.132] [DEBUG] debug-file - entry : default@ProcessStartupConfig cost memory 0.09412384033203125
[2026-06-23T16:48:00.132] [DEBUG] debug-file - runTaskFromQueue task cost before running: 45 s 376 ms 
[2026-06-23T16:48:00.132] [INFO] debug-file - Finished :entry:default@ProcessStartupConfig... after 3 ms 
[2026-06-23T16:48:00.135] [DEBUG] debug-file - Executing task :entry:default@BuildNativeWithNinja
[2026-06-23T16:48:00.136] [DEBUG] debug-file - entry : default@BuildNativeWithNinja cost memory 0.0204010009765625
[2026-06-23T16:48:00.137] [DEBUG] debug-file - runTaskFromQueue task cost before running: 45 s 380 ms 
[2026-06-23T16:48:00.137] [INFO] debug-file - Finished :entry:default@BuildNativeWithNinja... after 2 ms 
[2026-06-23T16:48:00.141] [DEBUG] debug-file - restool module names: entry; moduleName=entry, taskName=default@ProcessResource
[2026-06-23T16:48:00.159] [DEBUG] debug-file - Executing task :entry:default@ProcessResource
[2026-06-23T16:48:00.160] [DEBUG] debug-file - Task 'entry:default@ProcessResource' cost while wrapping incremental declarations: 1 ms 
[2026-06-23T16:48:00.163] [DEBUG] debug-file - Incremental task entry:default@ProcessResource pre-execution cost: 3 ms .
[2026-06-23T16:48:00.163] [DEBUG] debug-file - entry : default@ProcessResource cost memory 0.1269378662109375
[2026-06-23T16:48:00.167] [INFO] debug-file - UP-TO-DATE :entry:default@ProcessResource...  
[2026-06-23T16:48:00.172] [DEBUG] debug-file - Executing task :entry:default@GenerateLoaderJson
[2026-06-23T16:48:00.172] [DEBUG] debug-file - Task 'entry:default@GenerateLoaderJson' cost while wrapping incremental declarations: 1 ms 
[2026-06-23T16:48:00.202] [DEBUG] debug-file - Incremental task entry:default@GenerateLoaderJson pre-execution cost: 10 ms .
[2026-06-23T16:48:00.202] [DEBUG] debug-file - entry : default@GenerateLoaderJson cost memory 0.38137054443359375
[2026-06-23T16:48:00.208] [INFO] debug-file - UP-TO-DATE :entry:default@GenerateLoaderJson...  
[2026-06-23T16:48:00.210] [DEBUG] debug-file - Executing task :entry:default@ProcessLibs
[2026-06-23T16:48:00.216] [DEBUG] debug-file - Incremental task entry:default@ProcessLibs pre-execution cost: 4 ms .
[2026-06-23T16:48:00.216] [DEBUG] debug-file - entry : default@ProcessLibs cost memory 0.10693359375
[2026-06-23T16:48:00.218] [INFO] debug-file - UP-TO-DATE :entry:default@ProcessLibs...  
[2026-06-23T16:48:00.220] [DEBUG] debug-file - restool module names: entry; moduleName=entry, taskName=default@CompileResource
[2026-06-23T16:48:00.221] [DEBUG] debug-file - Executing task :entry:default@CompileResource
[2026-06-23T16:48:00.267] [DEBUG] debug-file - Incremental task entry:default@CompileResource pre-execution cost: 26 ms .
[2026-06-23T16:48:00.267] [DEBUG] debug-file - entry : default@CompileResource cost memory 0.5439376831054688
[2026-06-23T16:48:00.269] [INFO] debug-file - UP-TO-DATE :entry:default@CompileResource...  
[2026-06-23T16:48:00.272] [DEBUG] debug-file - Executing task :entry:default@DoNativeStrip
[2026-06-23T16:48:00.273] [DEBUG] debug-file - Task 'entry:default@DoNativeStrip' cost while wrapping incremental declarations: 1 ms 
[2026-06-23T16:48:00.275] [DEBUG] debug-file - Incremental task entry:default@DoNativeStrip pre-execution cost: 2 ms .
[2026-06-23T16:48:00.275] [DEBUG] debug-file - entry : default@DoNativeStrip cost memory 0.07958221435546875
[2026-06-23T16:48:00.276] [INFO] debug-file - UP-TO-DATE :entry:default@DoNativeStrip...  
[2026-06-23T16:48:00.281] [DEBUG] debug-file - Executing task :entry:default@CompileArkTS
[2026-06-23T16:48:00.282] [DEBUG] debug-file - obfuscationOptions: undefined
[2026-06-23T16:48:00.285] [DEBUG] debug-file - Task 'entry:default@CompileArkTS' cost while wrapping incremental declarations: 1 ms 
[2026-06-23T16:48:00.307] [DEBUG] debug-file - Incremental task entry:default@CompileArkTS pre-execution cost: 18 ms .
[2026-06-23T16:48:00.307] [DEBUG] debug-file - entry : default@CompileArkTS cost memory 0.5838699340820312
[2026-06-23T16:48:00.311] [INFO] debug-file - UP-TO-DATE :entry:default@CompileArkTS...  
[2026-06-23T16:48:00.313] [DEBUG] debug-file - Executing task :entry:default@BuildJS
[2026-06-23T16:48:00.314] [DEBUG] debug-file - Task 'entry:default@BuildJS' cost while wrapping incremental declarations: 1 ms 
[2026-06-23T16:48:00.319] [DEBUG] debug-file - entry : default@BuildJS cost memory 0.1538848876953125
[2026-06-23T16:48:00.319] [DEBUG] debug-file - runTaskFromQueue task cost before running: 45 s 563 ms 
[2026-06-23T16:48:00.320] [INFO] debug-file - Finished :entry:default@BuildJS... after 6 ms 
[2026-06-23T16:48:00.322] [DEBUG] debug-file - Executing task :entry:default@CacheNativeLibs
[2026-06-23T16:48:00.322] [DEBUG] debug-file - Task 'entry:default@CacheNativeLibs' cost while wrapping incremental declarations: 1 ms 
[2026-06-23T16:48:00.325] [DEBUG] debug-file - Incremental task entry:default@CacheNativeLibs pre-execution cost: 2 ms .
[2026-06-23T16:48:00.325] [DEBUG] debug-file - entry : default@CacheNativeLibs cost memory 0.092681884765625
[2026-06-23T16:48:00.325] [INFO] debug-file - UP-TO-DATE :entry:default@CacheNativeLibs...  
[2026-06-23T16:48:00.327] [DEBUG] debug-file - Executing task :entry:default@GeneratePkgModuleJson
[2026-06-23T16:48:00.328] [DEBUG] debug-file - File: 'E:\lezihuawei\target\entry\build\default\intermediates\preload\default\preload.json' from 'preloadSoJsonPath' is not exists, just ignore.
[2026-06-23T16:48:00.329] [DEBUG] debug-file - Error occurs while handling @Input 'shouldDeduplicateHar': The "data" argument must be of type string or an instance of Buffer, TypedArray, or DataView. Received undefined
[2026-06-23T16:48:00.329] [DEBUG] debug-file - Task 'entry:default@GeneratePkgModuleJson' cost while wrapping incremental declarations: 2 ms 
[2026-06-23T16:48:00.331] [DEBUG] debug-file - Incremental task entry:default@GeneratePkgModuleJson pre-execution cost: 2 ms .
[2026-06-23T16:48:00.331] [DEBUG] debug-file - entry : default@GeneratePkgModuleJson cost memory 0.10992431640625
[2026-06-23T16:48:00.331] [INFO] debug-file - UP-TO-DATE :entry:default@GeneratePkgModuleJson...  
[2026-06-23T16:48:00.333] [DEBUG] debug-file - Executing task :entry:default@ProcessCompiledResources
[2026-06-23T16:48:00.333] [DEBUG] debug-file - File: 'E:\lezihuawei\target\entry\build\default\intermediates\preload\default\preload.json' from 'preloadSoJsonPath' is not exists, just ignore.
[2026-06-23T16:48:00.333] [DEBUG] debug-file - Task 'entry:default@ProcessCompiledResources' cost while wrapping incremental declarations: 1 ms 
[2026-06-23T16:48:00.334] [DEBUG] debug-file - entry : default@ProcessCompiledResources cost memory 0.0608367919921875
[2026-06-23T16:48:00.334] [DEBUG] debug-file - runTaskFromQueue task cost before running: 45 s 578 ms 
[2026-06-23T16:48:00.334] [INFO] debug-file - Finished :entry:default@ProcessCompiledResources... after 2 ms 
[2026-06-23T16:48:00.337] [DEBUG] debug-file - Executing task :entry:default@PackageHap
[2026-06-23T16:48:00.354] [DEBUG] debug-file - Incremental task entry:default@PackageHap pre-execution cost: 15 ms .
[2026-06-23T16:48:00.354] [DEBUG] debug-file - entry : default@PackageHap cost memory 0.403594970703125
[2026-06-23T16:48:00.356] [INFO] debug-file - UP-TO-DATE :entry:default@PackageHap...  
[2026-06-23T16:48:00.358] [DEBUG] debug-file - Executing task :entry:default@PackingCheck
[2026-06-23T16:48:00.371] [DEBUG] debug-file - entry : default@PackingCheck cost memory 0.38002777099609375
[2026-06-23T16:48:00.371] [DEBUG] debug-file - runTaskFromQueue task cost before running: 45 s 615 ms 
[2026-06-23T16:48:00.372] [INFO] debug-file - Finished :entry:default@PackingCheck... after 14 ms 
[2026-06-23T16:48:00.375] [DEBUG] debug-file - Executing task :entry:default@SignHap
[2026-06-23T16:48:00.383] [DEBUG] debug-file - Incremental task entry:default@SignHap pre-execution cost: 4 ms .
[2026-06-23T16:48:00.383] [DEBUG] debug-file - entry : default@SignHap cost memory 0.122833251953125
[2026-06-23T16:48:00.384] [INFO] debug-file - UP-TO-DATE :entry:default@SignHap...  
[2026-06-23T16:48:00.387] [DEBUG] debug-file - Executing task :entry:default@CollectDebugSymbol
[2026-06-23T16:48:00.390] [DEBUG] debug-file - entry : default@CollectDebugSymbol cost memory 0.0883331298828125
[2026-06-23T16:48:00.390] [DEBUG] debug-file - runTaskFromQueue task cost before running: 45 s 634 ms 
[2026-06-23T16:48:00.391] [INFO] debug-file - Finished :entry:default@CollectDebugSymbol... after 4 ms 
[2026-06-23T16:48:00.391] [DEBUG] debug-file - Executing task :entry:assembleHap
[2026-06-23T16:48:00.392] [DEBUG] debug-file - entry : assembleHap cost memory 0.012908935546875
[2026-06-23T16:48:00.392] [DEBUG] debug-file - runTaskFromQueue task cost before running: 45 s 636 ms 
[2026-06-23T16:48:00.392] [INFO] debug-file - Finished :entry:assembleHap... after 1 ms 
[2026-06-23T16:48:00.415] [INFO] debug-file - BUILD SUCCESSFUL in 45 s 658 ms 
[2026-06-23T16:48:00.417] [DEBUG] debug-file - There is no need to refresh cache, since the incremental task entry:default@PreBuild is up-to-date.
[2026-06-23T16:48:00.417] [DEBUG] debug-file - Update task entry:default@CreateModuleInfo output file:E:\lezihuawei\target\entry\build\default\generated\profile\default\ModuleInfo.ts cache.
[2026-06-23T16:48:00.418] [DEBUG] debug-file - Incremental task entry:default@CreateModuleInfo post-execution cost:2 ms .
[2026-06-23T16:48:00.418] [DEBUG] debug-file - There is no need to refresh cache, since the incremental task entry:default@GenerateMetadata is up-to-date.
[2026-06-23T16:48:00.418] [DEBUG] debug-file - There is no need to refresh cache, since the incremental task entry:default@MergeProfile is up-to-date.
[2026-06-23T16:48:00.418] [DEBUG] debug-file - There is no need to refresh cache, since the incremental task entry:default@CreateBuildProfile is up-to-date.
[2026-06-23T16:48:00.418] [DEBUG] debug-file - Update task entry:default@GeneratePkgContextInfo output file:E:\lezihuawei\target\entry\build\default\intermediates\loader\default\pkgContextInfo.json cache.
[2026-06-23T16:48:00.419] [DEBUG] debug-file - Incremental task entry:default@GeneratePkgContextInfo post-execution cost:1 ms .
[2026-06-23T16:48:00.419] [DEBUG] debug-file - Update task entry:default@ProcessIntegratedHsp output file:E:\lezihuawei\target\build\cache\default\integrated_hsp\integratedHspCache.json cache.
[2026-06-23T16:48:00.420] [DEBUG] debug-file - Incremental task entry:default@ProcessIntegratedHsp post-execution cost:1 ms .
[2026-06-23T16:48:00.420] [DEBUG] debug-file - There is no need to refresh cache, since the incremental task entry:default@MakePackInfo is up-to-date.
[2026-06-23T16:48:00.420] [DEBUG] debug-file - Update task entry:default@SyscapTransform input file:E:\DevEco Studio\sdk\default\openharmony\toolchains\syscap_tool.exe cache by regenerate.
[2026-06-23T16:48:00.421] [DEBUG] debug-file - Update task entry:default@SyscapTransform input file:E:\DevEco Studio\sdk\default\openharmony\ets\api\device-define cache by regenerate.
[2026-06-23T16:48:00.425] [DEBUG] debug-file - Update task entry:default@SyscapTransform output file:E:\lezihuawei\target\entry\build\default\intermediates\syscap\default\rpcid.sc cache.
[2026-06-23T16:48:00.425] [DEBUG] debug-file - Incremental task entry:default@SyscapTransform post-execution cost:6 ms .
[2026-06-23T16:48:00.425] [DEBUG] debug-file - There is no need to refresh cache, since the incremental task entry:default@ProcessProfile is up-to-date.
[2026-06-23T16:48:00.426] [DEBUG] debug-file - There is no need to refresh cache, since the incremental task entry:default@ProcessRouterMap is up-to-date.
[2026-06-23T16:48:00.426] [DEBUG] debug-file - There is no need to refresh cache, since the incremental task entry:default@ProcessShareConfig is up-to-date.
[2026-06-23T16:48:00.426] [DEBUG] debug-file - Update task entry:default@ProcessStartupConfig output file:E:\lezihuawei\target\entry\build\default\intermediates\startup\default\startup_config.json cache.
[2026-06-23T16:48:00.426] [DEBUG] debug-file - Incremental task entry:default@ProcessStartupConfig post-execution cost:1 ms .
[2026-06-23T16:48:00.426] [DEBUG] debug-file - There is no need to refresh cache, since the incremental task entry:default@ProcessResource is up-to-date.
[2026-06-23T16:48:00.427] [DEBUG] debug-file - There is no need to refresh cache, since the incremental task entry:default@GenerateLoaderJson is up-to-date.
[2026-06-23T16:48:00.427] [DEBUG] debug-file - There is no need to refresh cache, since the incremental task entry:default@ProcessLibs is up-to-date.
[2026-06-23T16:48:00.427] [DEBUG] debug-file - There is no need to refresh cache, since the incremental task entry:default@CompileResource is up-to-date.
[2026-06-23T16:48:00.427] [DEBUG] debug-file - There is no need to refresh cache, since the incremental task entry:default@DoNativeStrip is up-to-date.
[2026-06-23T16:48:00.427] [DEBUG] debug-file - There is no need to refresh cache, since the incremental task entry:default@CompileArkTS is up-to-date.
[2026-06-23T16:48:00.430] [DEBUG] debug-file - Update task entry:default@BuildJS input file:E:\lezihuawei\target\entry\build\default\intermediates\loader\default cache by regenerate.
[2026-06-23T16:48:00.431] [DEBUG] debug-file - Update task entry:default@BuildJS input file:E:\lezihuawei\target\entry\build\default\intermediates\res\default\ResourceTable.txt cache by regenerate.
[2026-06-23T16:48:00.432] [DEBUG] debug-file - Update task entry:default@BuildJS input file:E:\lezihuawei\target\entry\build\default\intermediates\res\default\ark_module.json cache by regenerate.
[2026-06-23T16:48:00.433] [DEBUG] debug-file - Update task entry:default@BuildJS input file:E:\lezihuawei\target\entry\build\default\intermediates\res\default\resources\base\profile cache by regenerate.
[2026-06-23T16:48:00.434] [DEBUG] debug-file - Update task entry:default@BuildJS output file:E:\lezihuawei\target\entry\build\default\intermediates\loader_out\default\js cache.
[2026-06-23T16:48:00.434] [DEBUG] debug-file - Incremental task entry:default@BuildJS post-execution cost:8 ms .
[2026-06-23T16:48:00.435] [DEBUG] debug-file - There is no need to refresh cache, since the incremental task entry:default@CacheNativeLibs is up-to-date.
[2026-06-23T16:48:00.435] [DEBUG] debug-file - There is no need to refresh cache, since the incremental task entry:default@GeneratePkgModuleJson is up-to-date.
[2026-06-23T16:48:00.435] [DEBUG] debug-file - Incremental task entry:default@ProcessCompiledResources post-execution cost:1 ms .
[2026-06-23T16:48:00.435] [DEBUG] debug-file - There is no need to refresh cache, since the incremental task entry:default@PackageHap is up-to-date.
[2026-06-23T16:48:00.435] [DEBUG] debug-file - There is no need to refresh cache, since the incremental task entry:default@SignHap is up-to-date.
[2026-06-23T16:48:00.437] [DEBUG] debug-file - Update task entry:default@CollectDebugSymbol input file:E:\lezihuawei\target\entry\build\default\intermediates\loader_out\default\ets\sourceMaps.map cache by regenerate.
[2026-06-23T16:48:00.438] [DEBUG] debug-file - Update task entry:default@CollectDebugSymbol input file:E:\lezihuawei\target\entry\build\default\intermediates\libs\default cache by regenerate.
[2026-06-23T16:48:00.438] [DEBUG] debug-file - Update task entry:default@CollectDebugSymbol output file:E:\lezihuawei\target\entry\build\default\outputs\default\symbol cache.
[2026-06-23T16:48:00.439] [DEBUG] debug-file - Incremental task entry:default@CollectDebugSymbol post-execution cost:4 ms .
[2026-06-23T16:48:00.487] [DEBUG] debug-file - Cleanup worker 0.
[2026-06-23T16:48:00.488] [DEBUG] debug-file - Worker 0 has been cleaned up.
[2026-06-23T16:48:00.488] [DEBUG] debug-file - Current idle worker size: 1.
[2026-06-23T16:48:00.488] [DEBUG] debug-file - Current resident worker size: 2.
[2026-06-23T16:48:00.488] [DEBUG] debug-file - Cleanup worker 1.
[2026-06-23T16:48:00.489] [DEBUG] debug-file - Worker 1 has been cleaned up.
[2026-06-23T16:48:00.489] [DEBUG] debug-file - Current idle worker size: 0.
[2026-06-23T16:48:00.489] [DEBUG] debug-file - Current resident worker size: 2.
[2026-06-23T16:48:00.491] [DEBUG] debug-file - hvigor build process will be closed.
[2026-06-23T16:48:00.497] [DEBUG] debug-file - session manager: send message to worker process.
[2026-06-23T16:48:00.498] [DEBUG] debug-file - session manager: send message to worker process.
[2026-06-23T16:48:00.500] [DEBUG] debug-file - worker[0] exits with exit code 1.
[2026-06-23T16:48:00.501] [DEBUG] debug-file - worker[1] exits with exit code 1.
[2026-06-23T16:48:00.504] [DEBUG] debug-file - watch worker: worker id should be larger than 0. Nothing will be sent to any worker thread.
[2026-06-23T16:48:00.505] [DEBUG] debug-file - watch worker: worker id should be larger than 0. Nothing will be sent to any worker thread.
[2026-06-23T17:17:10.240] [DEBUG] debug-file - session manager: set active socket. socketId=WcnucLPT2klQiOg1AAAD
[2026-06-23T17:17:10.260] [DEBUG] debug-file - watch worker: worker id should be larger than 0. Nothing will be sent to any worker thread.
[2026-06-23T17:17:10.268] [DEBUG] debug-file - Workers' log level updated to INFO
[2026-06-23T17:17:10.277] [DEBUG] debug-file - Hvigor init with startParameters:{
  hvigorfileTypeCheck: false,
  parallelExecution: true,
  incrementalExecution: true,
  printStackTrace: false,
  daemon: true,
  analyze: 0,
  logLevel: Level { level: 20000, levelStr: 'INFO', colour: 'green' },
  optimizationStrategy: 'memory',
  hotCompile: undefined,
  hotReloadBuild: undefined,
  customizedParam: undefined
}
[2026-06-23T17:17:10.281] [DEBUG] debug-file - Cache service initialization finished in 5 ms 
[2026-06-23T17:17:10.283] [DEBUG] debug-file - hvigorfile, resolving E:\lezihuawei\target\hvigorfile.ts
[2026-06-23T17:17:10.292] [DEBUG] debug-file - hvigorfile, require result:  {}
[2026-06-23T17:17:10.293] [DEBUG] debug-file - hvigorfile, binding system plugins {}
[2026-06-23T17:17:10.293] [DEBUG] debug-file - Starting plugin build process
[2026-06-23T17:17:10.293] [DEBUG] debug-file - App plugin prepare start...
[2026-06-23T17:17:10.293] [DEBUG] debug-file - App plugin prepare end...
[2026-06-23T17:17:10.293] [DEBUG] debug-file - App plugin creating...
[2026-06-23T17:17:10.302] [DEBUG] debug-file - App plugin register hook start...
[2026-06-23T17:17:10.302] [DEBUG] debug-file - App plugin register hook end...
[2026-06-23T17:17:10.302] [DEBUG] debug-file - Plugin build process completed
[2026-06-23T17:17:10.303] [DEBUG] debug-file - Start initialize project's product build option map with build mode debug.
[2026-06-23T17:17:10.303] [DEBUG] debug-file - Picking option from product 'default' with build mode 'debug'.
[2026-06-23T17:17:10.303] [DEBUG] debug-file - Product 'default' build option initialized
[2026-06-23T17:17:10.303] [DEBUG] debug-file - End initialize project's product build option map with build mode 'debug'.
[2026-06-23T17:17:10.304] [DEBUG] debug-file - Obtain build option for product 'default'in this build.
[2026-06-23T17:17:10.306] [DEBUG] debug-file - E:\lezihuawei\target\build\cache\default\remote_hsp\remoteHspCache.json not exists.
[2026-06-23T17:17:10.312] [DEBUG] debug-file - Start recording SDK configuration permission data.
[2026-06-23T17:17:10.356] [DEBUG] debug-file - Sdk init in 50 ms 
[2026-06-23T17:17:10.364] [DEBUG] debug-file - Project task initialization takes 7 ms 
[2026-06-23T17:17:10.364] [DEBUG] debug-file - hvigorfile, resolve finished E:\lezihuawei\target\hvigorfile.ts
[2026-06-23T17:17:10.365] [DEBUG] debug-file - hvigorfile, resolving E:\lezihuawei\target\entry\hvigorfile.ts
[2026-06-23T17:17:10.372] [DEBUG] debug-file - hvigorfile, require result:  {}
[2026-06-23T17:17:10.372] [DEBUG] debug-file - hvigorfile, binding system plugins {}
[2026-06-23T17:17:10.372] [DEBUG] debug-file - Starting plugin build process
[2026-06-23T17:17:10.372] [DEBUG] debug-file - Hap plugin creating...
[2026-06-23T17:17:10.375] [DEBUG] debug-file - failed to load cangjie to dynamically generate schemas: Error: Cannot find module '@ohos/cangjie-build-support/index'
Require stack:
- E:\DevEco Studio\tools\hvigor\hvigor-ohos-plugin\src\plugin\hooks\cangjie-register.js
- E:\DevEco Studio\tools\hvigor\hvigor-ohos-plugin\src\plugin\strategy\stage-init-strategy.js
- E:\DevEco Studio\tools\hvigor\hvigor-ohos-plugin\src\plugin\builder\abstract-plugin-builder.js
- E:\DevEco Studio\tools\hvigor\hvigor-ohos-plugin\src\plugin\builder\app-plugin-builder.js
- E:\DevEco Studio\tools\hvigor\hvigor-ohos-plugin\src\plugin\factory\plugin-factory.js
- E:\DevEco Studio\tools\hvigor\hvigor-ohos-plugin\index.js
- E:\lezihuawei\target\hvigorfile.ts
- E:\DevEco Studio\tools\hvigor\hvigor\src\base\internal\lifecycle\configuration.js
- E:\DevEco Studio\tools\hvigor\hvigor\src\base\boot\index.js
- E:\DevEco Studio\tools\hvigor\hvigor\src\base\daemon\cluster\worker-process-lifecycle.js
- E:\DevEco Studio\tools\hvigor\hvigor\src\base\daemon\process\daemon-process-boot-script.js
[2026-06-23T17:17:10.379] [DEBUG] debug-file - Start initialize module-target build option map, moduleName=entry, buildMode=debug
[2026-06-23T17:17:10.379] [DEBUG] debug-file - Target 'default' config initialized
[2026-06-23T17:17:10.379] [DEBUG] debug-file - Module 'entry' target 'default' build option initialized
[2026-06-23T17:17:10.379] [DEBUG] debug-file - End initialize module-target build option map, moduleName=entry
[2026-06-23T17:17:10.379] [DEBUG] debug-file - Start initialize module-target build option map, moduleName=entry, buildMode=release
[2026-06-23T17:17:10.380] [DEBUG] debug-file - Target 'default' config initialized
[2026-06-23T17:17:10.380] [DEBUG] debug-file - Module 'entry' target 'default' build option initialized
[2026-06-23T17:17:10.380] [DEBUG] debug-file - End initialize module-target build option map, moduleName=entry
[2026-06-23T17:17:10.380] [DEBUG] debug-file - Start initialize module-target build option map, moduleName=entry, buildMode=debug
[2026-06-23T17:17:10.380] [DEBUG] debug-file - Target 'default' config initialized
[2026-06-23T17:17:10.380] [DEBUG] debug-file - Module 'entry' target 'default' build option initialized
[2026-06-23T17:17:10.380] [DEBUG] debug-file - End initialize module-target build option map, moduleName=entry
[2026-06-23T17:17:10.380] [DEBUG] debug-file - Obtain build option for module 'entry' target 'default'in this build.
[2026-06-23T17:17:10.382] [DEBUG] debug-file - Module entry task initialization takes 1 ms 
[2026-06-23T17:17:10.382] [DEBUG] debug-file - Hap plugin register hook start...
[2026-06-23T17:17:10.382] [DEBUG] debug-file - Hap plugin register hook end...
[2026-06-23T17:17:10.382] [DEBUG] debug-file - Plugin build process completed
[2026-06-23T17:17:10.382] [DEBUG] debug-file - hvigorfile, resolve finished E:\lezihuawei\target\entry\hvigorfile.ts
[2026-06-23T17:17:10.413] [DEBUG] debug-file - hvigorfile, resolve hvigorfile dependencies in 30 ms 
[2026-06-23T17:17:10.413] [DEBUG] debug-file - project has submodules:entry
[2026-06-23T17:17:10.416] [DEBUG] debug-file - start to load updatedOhPackageInfo to the disk
[2026-06-23T17:17:10.425] [DEBUG] debug-file - load to the disk finished
[2026-06-23T17:17:10.427] [DEBUG] debug-file - Start to initialize dependency information.
[2026-06-23T17:17:10.429] [DEBUG] debug-file - Module target Collected Dependency: 
[2026-06-23T17:17:10.429] [DEBUG] debug-file - Module target's total dependency: 0
[2026-06-23T17:17:10.430] [DEBUG] debug-file - Start to initialize dependency information.
[2026-06-23T17:17:10.434] [DEBUG] debug-file - Module entry Collected Dependency: 
[2026-06-23T17:17:10.434] [DEBUG] debug-file - Module entry's total dependency: 0
[2026-06-23T17:17:10.438] [DEBUG] debug-file - Configuration phase cost:157 ms 
[2026-06-23T17:17:10.440] [DEBUG] debug-file - Configuration task cost before running: 171 ms 
[2026-06-23T17:17:10.446] [DEBUG] debug-file - Executing task :entry:default@PreBuild
[2026-06-23T17:17:10.447] [DEBUG] debug-file - Task 'entry:default@PreBuild' cost while wrapping incremental declarations: 1 ms 
[2026-06-23T17:17:10.455] [DEBUG] debug-file - Incremental task entry:default@PreBuild pre-execution cost: 6 ms .
[2026-06-23T17:17:10.456] [DEBUG] debug-file - entry : default@PreBuild cost memory 0.30330657958984375
[2026-06-23T17:17:10.459] [INFO] debug-file - UP-TO-DATE :entry:default@PreBuild...  
[2026-06-23T17:17:10.460] [DEBUG] debug-file - Executing task :entry:default@CreateModuleInfo
[2026-06-23T17:17:10.460] [DEBUG] debug-file - Task 'entry:default@CreateModuleInfo' cost while wrapping incremental declarations: 1 ms 
[2026-06-23T17:17:10.461] [DEBUG] debug-file - entry : default@CreateModuleInfo cost memory 0.0418548583984375
[2026-06-23T17:17:10.462] [DEBUG] debug-file - runTaskFromQueue task cost before running: 193 ms 
[2026-06-23T17:17:10.462] [INFO] debug-file - Finished :entry:default@CreateModuleInfo... after 2 ms 
[2026-06-23T17:17:10.468] [DEBUG] debug-file - Executing task :entry:default@GenerateMetadata
[2026-06-23T17:17:10.469] [DEBUG] debug-file - Task 'entry:default@GenerateMetadata' cost while wrapping incremental declarations: 1 ms 
[2026-06-23T17:17:10.471] [DEBUG] debug-file - Incremental task entry:default@GenerateMetadata pre-execution cost: 2 ms .
[2026-06-23T17:17:10.471] [DEBUG] debug-file - entry : default@GenerateMetadata cost memory 0.08809661865234375
[2026-06-23T17:17:10.471] [INFO] debug-file - UP-TO-DATE :entry:default@GenerateMetadata...  
[2026-06-23T17:17:10.473] [DEBUG] debug-file - Executing task :entry:default@ConfigureCmake
[2026-06-23T17:17:10.473] [DEBUG] debug-file - entry : default@ConfigureCmake cost memory 0.01507568359375
[2026-06-23T17:17:10.473] [DEBUG] debug-file - runTaskFromQueue task cost before running: 205 ms 
[2026-06-23T17:17:10.475] [INFO] debug-file - Finished :entry:default@ConfigureCmake... after 1 ms 
[2026-06-23T17:17:10.476] [DEBUG] debug-file - Executing task :entry:default@MergeProfile
[2026-06-23T17:17:10.476] [DEBUG] debug-file - Task 'entry:default@MergeProfile' cost while wrapping incremental declarations: 1 ms 
[2026-06-23T17:17:10.480] [DEBUG] debug-file - Incremental task entry:default@MergeProfile pre-execution cost: 4 ms .
[2026-06-23T17:17:10.480] [DEBUG] debug-file - entry : default@MergeProfile cost memory 0.1246490478515625
[2026-06-23T17:17:10.481] [INFO] debug-file - UP-TO-DATE :entry:default@MergeProfile...  
[2026-06-23T17:17:10.483] [DEBUG] debug-file - Executing task :entry:default@CreateBuildProfile
[2026-06-23T17:17:10.484] [DEBUG] debug-file - Task 'entry:default@CreateBuildProfile' cost while wrapping incremental declarations: 1 ms 
[2026-06-23T17:17:10.487] [DEBUG] debug-file - Incremental task entry:default@CreateBuildProfile pre-execution cost: 3 ms .
[2026-06-23T17:17:10.487] [DEBUG] debug-file - entry : default@CreateBuildProfile cost memory 0.092376708984375
[2026-06-23T17:17:10.487] [INFO] debug-file - UP-TO-DATE :entry:default@CreateBuildProfile...  
[2026-06-23T17:17:10.489] [DEBUG] debug-file - Executing task :entry:default@PreCheckSyscap
[2026-06-23T17:17:10.489] [DEBUG] debug-file - entry : default@PreCheckSyscap cost memory 0.01544952392578125
[2026-06-23T17:17:10.490] [DEBUG] debug-file - runTaskFromQueue task cost before running: 221 ms 
[2026-06-23T17:17:10.490] [INFO] debug-file - Finished :entry:default@PreCheckSyscap... after 1 ms 
[2026-06-23T17:17:10.492] [DEBUG] debug-file - Executing task :entry:default@GeneratePkgContextInfo
[2026-06-23T17:17:10.499] [DEBUG] debug-file - Task 'entry:default@GeneratePkgContextInfo' cost while wrapping incremental declarations: 1 ms 
[2026-06-23T17:17:10.499] [DEBUG] debug-file - entry : default@GeneratePkgContextInfo cost memory 0.19683074951171875
[2026-06-23T17:17:10.499] [DEBUG] debug-file - runTaskFromQueue task cost before running: 231 ms 
[2026-06-23T17:17:10.500] [INFO] debug-file - Finished :entry:default@GeneratePkgContextInfo... after 8 ms 
[2026-06-23T17:17:10.503] [DEBUG] debug-file - Executing task :entry:default@ProcessIntegratedHsp
[2026-06-23T17:17:10.503] [DEBUG] debug-file - entry:default@ProcessIntegratedHsp is not up-to-date, since the output file 'E:\lezihuawei\target\build\cache\default\integrated_hsp\integratedHspCache.json' does not exist.
[2026-06-23T17:17:10.503] [DEBUG] debug-file - Incremental task entry:default@ProcessIntegratedHsp pre-execution cost: 1 ms .
[2026-06-23T17:17:10.503] [DEBUG] debug-file - entry : default@ProcessIntegratedHsp cost memory 0.05533599853515625
[2026-06-23T17:17:10.503] [DEBUG] debug-file - runTaskFromQueue task cost before running: 235 ms 
[2026-06-23T17:17:10.504] [INFO] debug-file - Finished :entry:default@ProcessIntegratedHsp... after 1 ms 
[2026-06-23T17:17:10.505] [DEBUG] debug-file - Executing task :entry:default@BuildNativeWithCmake
[2026-06-23T17:17:10.505] [DEBUG] debug-file - entry : default@BuildNativeWithCmake cost memory 0.0145721435546875
[2026-06-23T17:17:10.505] [DEBUG] debug-file - runTaskFromQueue task cost before running: 236 ms 
[2026-06-23T17:17:10.505] [INFO] debug-file - Finished :entry:default@BuildNativeWithCmake... after 1 ms 
[2026-06-23T17:17:10.507] [DEBUG] debug-file - Executing task :entry:default@MakePackInfo
[2026-06-23T17:17:10.510] [DEBUG] debug-file - Incremental task entry:default@MakePackInfo pre-execution cost: 3 ms .
[2026-06-23T17:17:10.510] [DEBUG] debug-file - entry : default@MakePackInfo cost memory 0.10231781005859375
[2026-06-23T17:17:10.511] [INFO] debug-file - UP-TO-DATE :entry:default@MakePackInfo...  
[2026-06-23T17:17:10.512] [DEBUG] debug-file - Executing task :entry:default@SyscapTransform
[2026-06-23T17:17:10.513] [DEBUG] debug-file - File: 'E:\lezihuawei\target\entry\src\main\syscap.json' from 'sysCapJsonPath' is not exists, just ignore.
[2026-06-23T17:17:10.514] [DEBUG] debug-file - Task 'entry:default@SyscapTransform' cost while wrapping incremental declarations: 1 ms 
[2026-06-23T17:17:10.515] [DEBUG] debug-file - entry:default@SyscapTransform is not up-to-date, since the output file 'E:\lezihuawei\target\entry\build\default\intermediates\syscap\default\rpcid.sc' does not exist.
[2026-06-23T17:17:10.515] [DEBUG] debug-file - Incremental task entry:default@SyscapTransform pre-execution cost: 2 ms .
[2026-06-23T17:17:10.516] [DEBUG] debug-file - entry : default@SyscapTransform cost memory 0.1524200439453125
[2026-06-23T17:17:10.516] [DEBUG] debug-file - runTaskFromQueue task cost before running: 247 ms 
[2026-06-23T17:17:10.517] [INFO] debug-file - Finished :entry:default@SyscapTransform... after 4 ms 
[2026-06-23T17:17:10.518] [DEBUG] debug-file - Executing task :entry:default@ProcessProfile
[2026-06-23T17:17:10.519] [DEBUG] debug-file - Task 'entry:default@ProcessProfile' cost while wrapping incremental declarations: 1 ms 
[2026-06-23T17:17:10.520] [DEBUG] debug-file - Incremental task entry:default@ProcessProfile pre-execution cost: 1 ms .
[2026-06-23T17:17:10.520] [DEBUG] debug-file - entry : default@ProcessProfile cost memory 0.13208770751953125
[2026-06-23T17:17:10.521] [INFO] debug-file - UP-TO-DATE :entry:default@ProcessProfile...  
[2026-06-23T17:17:10.523] [DEBUG] debug-file - Executing task :entry:default@ProcessRouterMap
[2026-06-23T17:17:10.528] [DEBUG] debug-file - Incremental task entry:default@ProcessRouterMap pre-execution cost: 5 ms .
[2026-06-23T17:17:10.529] [DEBUG] debug-file - entry : default@ProcessRouterMap cost memory 0.18910980224609375
[2026-06-23T17:17:10.529] [INFO] debug-file - UP-TO-DATE :entry:default@ProcessRouterMap...  
[2026-06-23T17:17:10.531] [DEBUG] debug-file - Executing task :entry:default@ProcessShareConfig
[2026-06-23T17:17:10.535] [DEBUG] debug-file - Incremental task entry:default@ProcessShareConfig pre-execution cost: 3 ms .
[2026-06-23T17:17:10.535] [DEBUG] debug-file - entry : default@ProcessShareConfig cost memory 0.1036224365234375
[2026-06-23T17:17:10.535] [INFO] debug-file - UP-TO-DATE :entry:default@ProcessShareConfig...  
[2026-06-23T17:17:10.537] [DEBUG] debug-file - Executing task :entry:default@ProcessStartupConfig
[2026-06-23T17:17:10.538] [DEBUG] debug-file - Task 'entry:default@ProcessStartupConfig' cost while wrapping incremental declarations: 1 ms 
[2026-06-23T17:17:10.538] [DEBUG] debug-file - entry:default@ProcessStartupConfig is not up-to-date, since the output file 'E:\lezihuawei\target\entry\build\default\intermediates\startup\default\startup_config.json' does not exist.
[2026-06-23T17:17:10.538] [DEBUG] debug-file - Incremental task entry:default@ProcessStartupConfig pre-execution cost: 1 ms .
[2026-06-23T17:17:10.539] [DEBUG] debug-file - entry : default@ProcessStartupConfig cost memory 0.089630126953125
[2026-06-23T17:17:10.539] [DEBUG] debug-file - runTaskFromQueue task cost before running: 270 ms 
[2026-06-23T17:17:10.539] [INFO] debug-file - Finished :entry:default@ProcessStartupConfig... after 2 ms 
[2026-06-23T17:17:10.541] [DEBUG] debug-file - Executing task :entry:default@BuildNativeWithNinja
[2026-06-23T17:17:10.541] [DEBUG] debug-file - entry : default@BuildNativeWithNinja cost memory 0.0201263427734375
[2026-06-23T17:17:10.541] [DEBUG] debug-file - runTaskFromQueue task cost before running: 273 ms 
[2026-06-23T17:17:10.542] [INFO] debug-file - Finished :entry:default@BuildNativeWithNinja... after 1 ms 
[2026-06-23T17:17:10.543] [DEBUG] debug-file - restool module names: entry; moduleName=entry, taskName=default@ProcessResource
[2026-06-23T17:17:10.544] [DEBUG] debug-file - Executing task :entry:default@ProcessResource
[2026-06-23T17:17:10.545] [DEBUG] debug-file - Task 'entry:default@ProcessResource' cost while wrapping incremental declarations: 1 ms 
[2026-06-23T17:17:10.546] [DEBUG] debug-file - Incremental task entry:default@ProcessResource pre-execution cost: 1 ms .
[2026-06-23T17:17:10.546] [DEBUG] debug-file - entry : default@ProcessResource cost memory 0.12071990966796875
[2026-06-23T17:17:10.548] [INFO] debug-file - UP-TO-DATE :entry:default@ProcessResource...  
[2026-06-23T17:17:10.549] [DEBUG] debug-file - Executing task :entry:default@GenerateLoaderJson
[2026-06-23T17:17:10.549] [DEBUG] debug-file - Task 'entry:default@GenerateLoaderJson' cost while wrapping incremental declarations: 1 ms 
[2026-06-23T17:17:10.561] [DEBUG] debug-file - Incremental task entry:default@GenerateLoaderJson pre-execution cost: 8 ms .
[2026-06-23T17:17:10.561] [DEBUG] debug-file - entry : default@GenerateLoaderJson cost memory -0.9638214111328125
[2026-06-23T17:17:10.564] [INFO] debug-file - UP-TO-DATE :entry:default@GenerateLoaderJson...  
[2026-06-23T17:17:10.565] [DEBUG] debug-file - Executing task :entry:default@ProcessLibs
[2026-06-23T17:17:10.567] [DEBUG] debug-file - Incremental task entry:default@ProcessLibs pre-execution cost: 2 ms .
[2026-06-23T17:17:10.567] [DEBUG] debug-file - entry : default@ProcessLibs cost memory 0.09751129150390625
[2026-06-23T17:17:10.568] [INFO] debug-file - UP-TO-DATE :entry:default@ProcessLibs...  
[2026-06-23T17:17:10.570] [DEBUG] debug-file - restool module names: entry; moduleName=entry, taskName=default@CompileResource
[2026-06-23T17:17:10.571] [DEBUG] debug-file - Executing task :entry:default@CompileResource
[2026-06-23T17:17:10.590] [DEBUG] debug-file - Incremental task entry:default@CompileResource pre-execution cost: 17 ms .
[2026-06-23T17:17:10.590] [DEBUG] debug-file - entry : default@CompileResource cost memory 0.6265029907226562
[2026-06-23T17:17:10.593] [INFO] debug-file - UP-TO-DATE :entry:default@CompileResource...  
[2026-06-23T17:17:10.595] [DEBUG] debug-file - Executing task :entry:default@DoNativeStrip
[2026-06-23T17:17:10.595] [DEBUG] debug-file - Task 'entry:default@DoNativeStrip' cost while wrapping incremental declarations: 1 ms 
[2026-06-23T17:17:10.597] [DEBUG] debug-file - Incremental task entry:default@DoNativeStrip pre-execution cost: 2 ms .
[2026-06-23T17:17:10.597] [DEBUG] debug-file - entry : default@DoNativeStrip cost memory 0.078826904296875
[2026-06-23T17:17:10.598] [INFO] debug-file - UP-TO-DATE :entry:default@DoNativeStrip...  
[2026-06-23T17:17:10.601] [DEBUG] debug-file - Executing task :entry:default@CompileArkTS
[2026-06-23T17:17:10.601] [DEBUG] debug-file - obfuscationOptions: undefined
[2026-06-23T17:17:10.603] [DEBUG] debug-file - Task 'entry:default@CompileArkTS' cost while wrapping incremental declarations: 1 ms 
[2026-06-23T17:17:10.621] [DEBUG] debug-file - entry:default@CompileArkTS is not up-to-date, since the input file 'E:\lezihuawei\target\entry\src\main\ets' has been changed.
[2026-06-23T17:17:10.622] [DEBUG] debug-file - Incremental task entry:default@CompileArkTS pre-execution cost: 16 ms .
[2026-06-23T17:17:10.676] [DEBUG] debug-file - build config:
[2026-06-23T17:17:10.678] [DEBUG] debug-file - {
  moduleType: 'entry',
  perf: 0,
  targetName: '.default',
  packageManagerType: 'ohpm',
  localPropertiesPath: 'E:\\lezihuawei\\target\\local.properties',
  isPreview: false,
  isOhosTest: false,
  isLocalTest: false,
  buildMode: 'Debug',
  hotReloadBuild: undefined,
  watchMode: 'false',
  aceProfilePath: 'E:\\lezihuawei\\target\\entry\\build\\default\\intermediates\\res\\default\\resources\\base\\profile',
  etsLoaderPath: 'E:\\DevEco Studio\\sdk\\default\\openharmony\\ets\\build-tools\\ets-loader',
  modulePath: 'E:\\lezihuawei\\target\\entry',
  testFrameworkPar: {
    testMode: undefined,
    coveragePathFilter: undefined,
    coverageMode: undefined
  },
  needCoverageInsert: false,
  debugLine: false,
  projectTopDir: 'E:\\lezihuawei\\target',
  compileSdkVersion: 22,
  compatibleSdkVersion: 12,
  originCompatibleSdkVersion: '5.0.0(12)',
  compatibleSdkVersionStage: 'beta1',
  bundleName: 'c***e',
  etsLoaderVersion: '6.0.2.130',
  etsLoaderReleaseType: 'Release',
  aotCompileMode: 'type',
  apPath: 'E:\\lezihuawei\\target\\entry\\modules.ap',
  entryModuleName: 'entry',
  entryModuleVersion: '1.0.0',
  entryPackageName: 'entry',
  allModuleNameHash: 'a061f25979885c49f73e6f993b95c2d741fbc8cd67e90b96a1d41c8b865517b9',
  externalApiPaths: [ 'E:\\DevEco Studio\\sdk\\default\\hms\\ets' ],
  compilerTypes: [],
  isCrossplatform: false,
  hvigorPluginFile: undefined,
  compilePluginPath: undefined,
  buildGeneratedProfilePath: 'E:\\lezihuawei\\target\\entry\\build\\default\\generated\\profile\\default',
  bundleType: 'app',
  arkTSVersion: undefined,
  apiVersion: 22,
  needCompleteSourcesMap: false,
  isFaMode: false,
  buildDir: 'E:\\lezihuawei\\target\\entry\\build',
  deviceTypes: [ 'phone', 'tablet', '2in1' ],
  pkgContextInfo: undefined,
  ohPackagePathMap: {},
  dependencyAliasMap: {},
  permission: { requestPermissions: [ [Object] ], definePermissions: undefined },
  useGetCurrentBundleName: false,
  projectArkOption: undefined,
  sourceMapDir: undefined,
  branchElimination: false,
  transformLib: undefined,
  tsImportSendable: false,
  resolveConflictMode: true,
  depName2RootPath: {},
  depName2DepInfo: {},
  rootPathSet: [ 'E:\\lezihuawei\\target' ],
  useNativeResolver: true,
  shouldEmitJs: true,
  useTscResolve: false,
  singleFileEmit: false,
  userProjectConfig: {
    autoLazyImport: false,
    allowEmptyBundleName: false,
    reExportCheckMode: 'noCheck',
    executionMode: 'memory',
    usePathPlaceholder: false,
    writeRollupCache: true,
    isExpandImportEnabled: false,
    expandImportExclude: '',
    lazyImportExclude: '',
    lazyImportInclude: '',
    ignoreCrossplatformCheck: false,
    isHarDeduplicateEnabled: false,
    skipOhModulesLint: false,
    enableStrictCheckOHModule: false,
    disableSendableCheckRules: [],
    useDeclarationFileSignature: false,
    customizedOptions: undefined,
    integratedHsp: false,
    isPreloadSoEnabled: false
  },
  executionMode: 'memory',
  arkCompileCachePath: 'E:\\lezihuawei\\target\\entry\\build\\default\\cache\\default\\default@CompileArkTS\\esmodule',
  autoLazyFilter: undefined,
  isHarDeduplicateEnabled: false,
  intermediateHarDuplicateDirPath: 'E:\\lezihuawei\\target\\entry\\build\\default\\intermediates\\har_duplicate\\default',
  autoLazyImport: false,
  allowEmptyBundleName: false,
  reExportCheckMode: 'noCheck',
  usePathPlaceholder: false,
  writeRollupCache: true,
  isExpandImportEnabled: false,
  expandImportExclude: '',
  lazyImportExclude: '',
  lazyImportInclude: '',
  ignoreCrossplatformCheck: false,
  skipOhModulesLint: false,
  enableStrictCheckOHModule: false,
  disableSendableCheckRules: [],
  useDeclarationFileSignature: false,
  customizedOptions: undefined,
  integratedHsp: false,
  isPreloadSoEnabled: false,
  strictMode: { caseSensitiveCheck: true },
  useNormalizedOHMUrl: false,
  caseSensitiveCheck: true,
  aceModuleJsonPath: 'E:\\lezihuawei\\target\\entry\\build\\default\\intermediates\\res\\default\\ark_module.json',
  appResource: 'E:\\lezihuawei\\target\\entry\\build\\default\\intermediates\\res\\default\\ResourceTable.txt',
  rawFileResource: 'E:\\lezihuawei\\target\\entry\\build\\default\\intermediates\\res\\default\\resources\\rawfile',
  resourceTableHash: 'd63c2bc819611829f6a1266258e3d5f507c2a7a0190b6501843995fdcdae1b0f',
  runtimeOS: 'HarmonyOS',
  sdkInfo: 'false:22:6.0.2.130:Release',
  aceModuleRoot: 'E:\\lezihuawei\\target\\entry\\src\\main\\ets',
  compileMode: 'esmodule',
  aceSuperVisualPath: 'E:\\lezihuawei\\target\\entry\\src\\main\\supervisual',
  aceBuildJson: 'E:\\lezihuawei\\target\\entry\\build\\default\\intermediates\\loader\\default\\loader.json',
  cachePath: 'E:\\lezihuawei\\target\\entry\\build\\default\\cache\\default\\default@CompileArkTS\\esmodule\\debug',
  aceModuleBuild: 'E:\\lezihuawei\\target\\entry\\build\\default\\intermediates\\loader_out\\default\\ets',
  supportChunks: true,
  declaredFilesPath: undefined,
  shouldCollectDirectImportees: false,
  isByteCodeHarOptimize: false,
  expandImportPath: undefined,
  pkgNameToPkgBriefInfo: {
    entry: {
      pkgRoot: 'E:\\lezihuawei\\target\\entry',
      originalSourceRoots: undefined,
      sourceRoots: [Array],
      pkgName: 'entry'
    }
  },
  projectModel: {
    'E:\\lezihuawei\\target\\entry\\src\\main': {
      moduleName: 'entry',
      modulePkgPath: 'E:\\lezihuawei\\target\\entry',
      belongProjectPath: 'E:\\lezihuawei\\target'
    },
    'E:\\lezihuawei\\target\\entry': {
      moduleName: 'entry',
      modulePkgPath: 'E:\\lezihuawei\\target\\entry',
      belongProjectPath: 'E:\\lezihuawei\\target'
    },
    'E:\\lezihuawei\\target': {
      moduleName: 'target',
      modulePkgPath: 'E:\\lezihuawei\\target',
      belongProjectPath: 'E:\\lezihuawei\\target'
    }
  },
  pkgJsonFileHash: '7710eea91560623c7a4ba2cf218df320cc1c900bb25057ed1a9ff492653dc818',
  allModulePaths: [ 'E:\\lezihuawei\\target\\entry' ],
  routerMap: {},
  obfuscationOptions: undefined,
  byteCodeHarToDependencyKeys: undefined,
  compileBlockPkg: [],
  mockParams: {
    decorator: '@MockSetup',
    packageName: '@ohos/hamock',
    etsSourceRootPath: 'src/main/ets',
    mockConfigPath: undefined,
    mockConfigKey2ModuleInfo: {},
    source2ModuleIdMap: {}
  },
  copyCodeResourceEnable: true,
  copyCodeResourceExcludes: [],
  copyCodeResourceIncludes: undefined,
  uiTransformOptimization: false,
  sdkPath: 'E:/DevEco Studio/sdk',
  needPreloadSoFileSet: {},
  preloadSoFilePath: 'E:\\lezihuawei\\target\\entry\\build\\default\\intermediates\\preload\\default\\preload.json',
  useSourceHash: false,
  localModuleParamMap: {},
  otherPaths: {
    'entry/*': [
      '..\\*',
      '..\\..\\..\\build\\default\\generated\\profile\\default\\*'
    ]
  },
  collectImportersConfig: undefined
}
[2026-06-23T17:17:10.678] [DEBUG] debug-file - Compile arkts with external api path: E:\DevEco Studio\sdk\default\hms\ets
[2026-06-23T17:17:10.681] [DEBUG] debug-file - default@CompileArkTS work[0] is submitted.
[2026-06-23T17:17:10.682] [DEBUG] debug-file - default@CompileArkTS work[0] is pushed to ready queue.
[2026-06-23T17:17:10.683] [DEBUG] debug-file - A work dispatched to worker[19] failed because unable to get work from ready queue.
[2026-06-23T17:17:10.683] [DEBUG] debug-file - A work dispatched to worker[18] failed because unable to get work from ready queue.
[2026-06-23T17:17:10.683] [DEBUG] debug-file - A work dispatched to worker[17] failed because unable to get work from ready queue.
[2026-06-23T17:17:10.683] [DEBUG] debug-file - A work dispatched to worker[16] failed because unable to get work from ready queue.
[2026-06-23T17:17:10.683] [DEBUG] debug-file - A work dispatched to worker[15] failed because unable to get work from ready queue.
[2026-06-23T17:17:10.683] [DEBUG] debug-file - A work dispatched to worker[14] failed because unable to get work from ready queue.
[2026-06-23T17:17:10.683] [DEBUG] debug-file - A work dispatched to worker[13] failed because unable to get work from ready queue.
[2026-06-23T17:17:10.683] [DEBUG] debug-file - A work dispatched to worker[12] failed because unable to get work from ready queue.
[2026-06-23T17:17:10.683] [DEBUG] debug-file - A work dispatched to worker[11] failed because unable to get work from ready queue.
[2026-06-23T17:17:10.684] [DEBUG] debug-file - A work dispatched to worker[10] failed because unable to get work from ready queue.
[2026-06-23T17:17:10.684] [DEBUG] debug-file - A work dispatched to worker[9] failed because unable to get work from ready queue.
[2026-06-23T17:17:10.684] [DEBUG] debug-file - A work dispatched to worker[8] failed because unable to get work from ready queue.
[2026-06-23T17:17:10.684] [DEBUG] debug-file - A work dispatched to worker[7] failed because unable to get work from ready queue.
[2026-06-23T17:17:10.684] [DEBUG] debug-file - A work dispatched to worker[6] failed because unable to get work from ready queue.
[2026-06-23T17:17:10.684] [DEBUG] debug-file - A work dispatched to worker[5] failed because unable to get work from ready queue.
[2026-06-23T17:17:10.685] [DEBUG] debug-file - Create  resident worker with id: 4.
[2026-06-23T17:17:10.688] [DEBUG] debug-file - default@CompileArkTS work[0] has been dispatched to worker[4].
[2026-06-23T17:17:10.688] [DEBUG] debug-file - default@CompileArkTS work[0] is dispatched.
[2026-06-23T17:17:10.688] [DEBUG] debug-file - CopyResources startTime: 2577416204500
[2026-06-23T17:17:10.688] [DEBUG] debug-file - default@CompileArkTS work[1] is submitted.
[2026-06-23T17:17:10.689] [DEBUG] debug-file - default@CompileArkTS work[1] is pushed to ready queue.
[2026-06-23T17:17:10.689] [DEBUG] debug-file - A work dispatched to worker[19] failed because unable to get work from ready queue.
[2026-06-23T17:17:10.689] [DEBUG] debug-file - Create  resident worker with id: 18.
[2026-06-23T17:17:10.690] [DEBUG] debug-file - default@CompileArkTS work[1] has been dispatched to worker[18].
[2026-06-23T17:17:10.690] [DEBUG] debug-file - default@CompileArkTS work[1] is dispatched.
[2026-06-23T17:17:10.690] [DEBUG] debug-file - entry : default@CompileArkTS cost memory -0.241241455078125
[2026-06-23T17:17:10.693] [DEBUG] debug-file - Executing task :entry:default@BuildJS
[2026-06-23T17:17:10.694] [DEBUG] debug-file - Task 'entry:default@BuildJS' cost while wrapping incremental declarations: 1 ms 
[2026-06-23T17:17:10.700] [DEBUG] debug-file - entry : default@BuildJS cost memory 0.14794921875
[2026-06-23T17:17:10.700] [DEBUG] debug-file - runTaskFromQueue task cost before running: 431 ms 
[2026-06-23T17:17:10.700] [INFO] debug-file - Finished :entry:default@BuildJS... after 7 ms 
[2026-06-23T17:17:10.702] [DEBUG] debug-file - Executing task :entry:default@CacheNativeLibs
[2026-06-23T17:17:10.703] [DEBUG] debug-file - Task 'entry:default@CacheNativeLibs' cost while wrapping incremental declarations: 1 ms 
[2026-06-23T17:17:10.706] [DEBUG] debug-file - Incremental task entry:default@CacheNativeLibs pre-execution cost: 3 ms .
[2026-06-23T17:17:10.706] [DEBUG] debug-file - entry : default@CacheNativeLibs cost memory 0.09587860107421875
[2026-06-23T17:17:10.706] [INFO] debug-file - UP-TO-DATE :entry:default@CacheNativeLibs...  
[2026-06-23T17:17:12.710] [DEBUG] debug-file - worker[18] has one work done.
[2026-06-23T17:17:12.710] [DEBUG] debug-file - CopyResources is end, endTime: 2579438321400
[2026-06-23T17:17:12.711] [DEBUG] debug-file - default@CompileArkTS work[1] done.
[2026-06-23T17:17:12.711] [DEBUG] debug-file - A work dispatched to worker[18] failed because unable to get work from ready queue.
[2026-06-23T17:18:01.570] [DEBUG] debug-file - worker[4] has one work error.
[2026-06-23T17:18:01.571] [DEBUG] debug-file - default@CompileArkTS work[0] failed.
[2026-06-23T17:18:01.571] [DEBUG] debug-file - Ark compile task finished.finished time is 2628297912000
[2026-06-23T17:18:01.572] [ERROR] debug-file - Failed :entry:default@CompileArkTS... 
[2026-06-23T17:18:01.572] [WARN] debug-file - 
[33m1 WARN: [33m[33mArkTS:WARN File: E:/lezihuawei/target/entry/src/main/ets/utils/ScreenAdapter.ets:29:29
 'matchMediaSync' has been deprecated.
[39m[39m
[33m2 WARN: [33m[33mArkTS:WARN File: E:/lezihuawei/target/entry/src/main/ets/utils/ScreenAdapter.ets:48:29
 'matchMediaSync' has been deprecated.
[39m[39m
[33m3 WARN: [33m[33mArkTS:WARN File: E:/lezihuawei/target/entry/src/main/ets/pages/Index.ets:106:20
 'pushUrl' has been deprecated.
[39m[39m
[33m4 WARN: [33m[33mArkTS:WARN File: E:/lezihuawei/target/entry/src/main/ets/pages/Index.ets:118:20
 'pushUrl' has been deprecated.
[39m[39m
[33m5 WARN: [33m[33mArkTS:WARN File: E:/lezihuawei/target/entry/src/main/ets/pages/GamePage.ets:788:24
 'back' has been deprecated.
[39m[39m
[33m6 WARN: [33m[33mArkTS:WARN File: E:/lezihuawei/target/entry/src/main/ets/pages/RecordPage.ets:194:22
 'back' has been deprecated.
[39m[39m
[2026-06-23T17:18:01.572] [DEBUG] debug-file - hvigor build process will be closed with an error.
[2026-06-23T17:18:01.574] [DEBUG] debug-file - ERROR: stacktrace = Error: ArkTS Compiler Error
[31m1 ERROR: [31m10505001 ArkTS Compiler Error
Error Message: Property 'gridOffset' in type 'ParticleBackground' is not assignable to the same property in base type 'CustomComponent'.
  Type 'number' is not assignable to type '(value: number) => CommonAttribute'. At File: E:/lezihuawei/target/entry/src/main/ets/components/ParticleBackground.ets:14:10
[39m
[39m
[31m2 ERROR: [31m10505001 ArkTS Compiler Error
Error Message: Property 'offset' in type 'GridOverlay' is not assignable to the same property in base type 'CustomComponent'.
  Type 'number' is not assignable to type '(value: Position | Edges | LocalizedEdges) => CommonAttribute'. At File: E:/lezihuawei/target/entry/src/main/ets/components/ParticleBackground.ets:103:10
[39m
[39m
[31mCOMPILE RESULT:FAIL {ERROR:3 WARN:6}[39m
    at runArkPack (E:\DevEco Studio\tools\hvigor\hvigor-ohos-plugin\node_modules\@ohos\hvigor-arkts-compose\dist\src\arkts-pack.js:1:5860)
ArkTSCompilerError: ArkTS Compiler Error
    at throwArkTsCompilerError (E:\DevEco Studio\tools\hvigor\hvigor-ohos-plugin\node_modules\@ohos\hvigor-arkts-compose\dist\src\data\compose-error.js:1:423)
    at throwErrorIfHasErrorInfo (E:\DevEco Studio\tools\hvigor\hvigor-ohos-plugin\node_modules\@ohos\hvigor-arkts-compose\dist\src\plugins\common-plugin.js:1:4478)
    at Object.handler (E:\DevEco Studio\tools\hvigor\hvigor-ohos-plugin\node_modules\@ohos\hvigor-arkts-compose\dist\src\plugins\common-plugin.js:1:2547)
    at E:\DevEco Studio\tools\hvigor\hvigor-ohos-plugin\node_modules\@ohos\hvigor-arkts-base\node_modules\rollup\dist\shared\rollup.js:27765:40
[2026-06-23T17:18:01.574] [ERROR] debug-file - Error: ArkTS Compiler Error
[31m1 ERROR: [31m10505001 ArkTS Compiler Error
Error Message: Property 'gridOffset' in type 'ParticleBackground' is not assignable to the same property in base type 'CustomComponent'.
  Type 'number' is not assignable to type '(value: number) => CommonAttribute'. At File: E:/lezihuawei/target/entry/src/main/ets/components/ParticleBackground.ets:14:10
[39m
[39m
[31m2 ERROR: [31m10505001 ArkTS Compiler Error
Error Message: Property 'offset' in type 'GridOverlay' is not assignable to the same property in base type 'CustomComponent'.
  Type 'number' is not assignable to type '(value: Position | Edges | LocalizedEdges) => CommonAttribute'. At File: E:/lezihuawei/target/entry/src/main/ets/components/ParticleBackground.ets:103:10
[39m
[39m
[31mCOMPILE RESULT:FAIL {ERROR:3 WARN:6}[39m
    at runArkPack (E:\DevEco Studio\tools\hvigor\hvigor-ohos-plugin\node_modules\@ohos\hvigor-arkts-compose\dist\src\arkts-pack.js:1:5860)
ArkTSCompilerError: ArkTS Compiler Error
    at throwArkTsCompilerError (E:\DevEco Studio\tools\hvigor\hvigor-ohos-plugin\node_modules\@ohos\hvigor-arkts-compose\dist\src\data\compose-error.js:1:423)
    at throwErrorIfHasErrorInfo (E:\DevEco Studio\tools\hvigor\hvigor-ohos-plugin\node_modules\@ohos\hvigor-arkts-compose\dist\src\plugins\common-plugin.js:1:4478)
    at Object.handler (E:\DevEco Studio\tools\hvigor\hvigor-ohos-plugin\node_modules\@ohos\hvigor-arkts-compose\dist\src\plugins\common-plugin.js:1:2547)
    at E:\DevEco Studio\tools\hvigor\hvigor-ohos-plugin\node_modules\@ohos\hvigor-arkts-base\node_modules\rollup\dist\shared\rollup.js:27765:40
[2026-06-23T17:18:01.595] [ERROR] debug-file - BUILD FAILED in 51 s 326 ms 
[2026-06-23T17:18:01.596] [DEBUG] debug-file - There is no need to refresh cache, since the incremental task entry:default@PreBuild is up-to-date.
[2026-06-23T17:18:01.596] [DEBUG] debug-file - Update task entry:default@CreateModuleInfo output file:E:\lezihuawei\target\entry\build\default\generated\profile\default\ModuleInfo.ts cache.
[2026-06-23T17:18:01.597] [DEBUG] debug-file - Incremental task entry:default@CreateModuleInfo post-execution cost:1 ms .
[2026-06-23T17:18:01.597] [DEBUG] debug-file - There is no need to refresh cache, since the incremental task entry:default@GenerateMetadata is up-to-date.
[2026-06-23T17:18:01.597] [DEBUG] debug-file - There is no need to refresh cache, since the incremental task entry:default@MergeProfile is up-to-date.
[2026-06-23T17:18:01.597] [DEBUG] debug-file - There is no need to refresh cache, since the incremental task entry:default@CreateBuildProfile is up-to-date.
[2026-06-23T17:18:01.597] [DEBUG] debug-file - Update task entry:default@GeneratePkgContextInfo output file:E:\lezihuawei\target\entry\build\default\intermediates\loader\default\pkgContextInfo.json cache.
[2026-06-23T17:18:01.598] [DEBUG] debug-file - Incremental task entry:default@GeneratePkgContextInfo post-execution cost:1 ms .
[2026-06-23T17:18:01.598] [DEBUG] debug-file - Update task entry:default@ProcessIntegratedHsp output file:E:\lezihuawei\target\build\cache\default\integrated_hsp\integratedHspCache.json cache.
[2026-06-23T17:18:01.599] [DEBUG] debug-file - Incremental task entry:default@ProcessIntegratedHsp post-execution cost:1 ms .
[2026-06-23T17:18:01.599] [DEBUG] debug-file - There is no need to refresh cache, since the incremental task entry:default@MakePackInfo is up-to-date.
[2026-06-23T17:18:01.599] [DEBUG] debug-file - Update task entry:default@SyscapTransform input file:E:\DevEco Studio\sdk\default\openharmony\toolchains\syscap_tool.exe cache by regenerate.
[2026-06-23T17:18:01.601] [DEBUG] debug-file - Update task entry:default@SyscapTransform input file:E:\DevEco Studio\sdk\default\openharmony\ets\api\device-define cache by regenerate.
[2026-06-23T17:18:01.605] [DEBUG] debug-file - Update task entry:default@SyscapTransform output file:E:\lezihuawei\target\entry\build\default\intermediates\syscap\default\rpcid.sc cache.
[2026-06-23T17:18:01.605] [DEBUG] debug-file - Incremental task entry:default@SyscapTransform post-execution cost:7 ms .
[2026-06-23T17:18:01.605] [DEBUG] debug-file - There is no need to refresh cache, since the incremental task entry:default@ProcessProfile is up-to-date.
[2026-06-23T17:18:01.606] [DEBUG] debug-file - There is no need to refresh cache, since the incremental task entry:default@ProcessRouterMap is up-to-date.
[2026-06-23T17:18:01.606] [DEBUG] debug-file - There is no need to refresh cache, since the incremental task entry:default@ProcessShareConfig is up-to-date.
[2026-06-23T17:18:01.606] [DEBUG] debug-file - Update task entry:default@ProcessStartupConfig output file:E:\lezihuawei\target\entry\build\default\intermediates\startup\default\startup_config.json cache.
[2026-06-23T17:18:01.606] [DEBUG] debug-file - Incremental task entry:default@ProcessStartupConfig post-execution cost:1 ms .
[2026-06-23T17:18:01.606] [DEBUG] debug-file - There is no need to refresh cache, since the incremental task entry:default@ProcessResource is up-to-date.
[2026-06-23T17:18:01.606] [DEBUG] debug-file - There is no need to refresh cache, since the incremental task entry:default@GenerateLoaderJson is up-to-date.
[2026-06-23T17:18:01.606] [DEBUG] debug-file - There is no need to refresh cache, since the incremental task entry:default@ProcessLibs is up-to-date.
[2026-06-23T17:18:01.606] [DEBUG] debug-file - There is no need to refresh cache, since the incremental task entry:default@CompileResource is up-to-date.
[2026-06-23T17:18:01.607] [DEBUG] debug-file - There is no need to refresh cache, since the incremental task entry:default@DoNativeStrip is up-to-date.
[2026-06-23T17:18:01.610] [DEBUG] debug-file - Update task entry:default@CompileArkTS input file:E:\lezihuawei\target\entry\build\default\intermediates\loader\default cache by regenerate.
[2026-06-23T17:18:01.610] [DEBUG] debug-file - Update task entry:default@CompileArkTS input file:E:\lezihuawei\target\entry\build\default\intermediates\res\default\ResourceTable.txt cache by regenerate.
[2026-06-23T17:18:01.611] [DEBUG] debug-file - Update task entry:default@CompileArkTS input file:E:\lezihuawei\target\entry\build\default\intermediates\res\default\ark_module.json cache by regenerate.
[2026-06-23T17:18:01.611] [DEBUG] debug-file - Update task entry:default@CompileArkTS input file:E:\lezihuawei\target\entry\build\default\intermediates\res\default\resources\base\profile cache by regenerate.
[2026-06-23T17:18:01.612] [DEBUG] debug-file - Update task entry:default@CompileArkTS input file:E:\lezihuawei\target\entry\src\main\ets cache from map.
[2026-06-23T17:18:01.612] [DEBUG] debug-file - Update task entry:default@CompileArkTS input file:E:\lezihuawei\target\entry\build\default\generated\profile\default\BuildProfile.ets cache by regenerate.
[2026-06-23T17:18:01.612] [DEBUG] debug-file - Update task entry:default@CompileArkTS output file:E:\lezihuawei\target\entry\build\default\intermediates\loader_out\default\ets cache.
[2026-06-23T17:18:01.612] [DEBUG] debug-file - Incremental task entry:default@CompileArkTS post-execution cost:6 ms .
[2026-06-23T17:18:01.614] [DEBUG] debug-file - Update task entry:default@BuildJS input file:E:\lezihuawei\target\entry\build\default\intermediates\loader\default cache by regenerate.
[2026-06-23T17:18:01.615] [DEBUG] debug-file - Update task entry:default@BuildJS input file:E:\lezihuawei\target\entry\build\default\intermediates\res\default\ResourceTable.txt cache by regenerate.
[2026-06-23T17:18:01.616] [DEBUG] debug-file - Update task entry:default@BuildJS input file:E:\lezihuawei\target\entry\build\default\intermediates\res\default\ark_module.json cache by regenerate.
[2026-06-23T17:18:01.616] [DEBUG] debug-file - Update task entry:default@BuildJS input file:E:\lezihuawei\target\entry\build\default\intermediates\res\default\resources\base\profile cache by regenerate.
[2026-06-23T17:18:01.617] [DEBUG] debug-file - Update task entry:default@BuildJS output file:E:\lezihuawei\target\entry\build\default\intermediates\loader_out\default\js cache.
[2026-06-23T17:18:01.618] [DEBUG] debug-file - Incremental task entry:default@BuildJS post-execution cost:6 ms .
[2026-06-23T17:18:01.618] [DEBUG] debug-file - There is no need to refresh cache, since the incremental task entry:default@CacheNativeLibs is up-to-date.
[2026-06-23T17:18:01.655] [DEBUG] debug-file - Cleanup worker 18.
[2026-06-23T17:18:01.655] [DEBUG] debug-file - Worker 18 has been cleaned up.
[2026-06-23T17:18:01.655] [DEBUG] debug-file - Current idle worker size: 1.
[2026-06-23T17:18:01.655] [DEBUG] debug-file - Current resident worker size: 2.
[2026-06-23T17:18:01.656] [DEBUG] debug-file - hvigor build process will be closed.
[2026-06-23T17:18:01.665] [DEBUG] debug-file - worker[18] exits with exit code 1.
[2026-06-23T17:18:01.667] [DEBUG] debug-file - session manager: send message to worker process.
[2026-06-23T17:18:01.668] [DEBUG] debug-file - session manager: send message to worker process.
[2026-06-23T17:18:01.668] [DEBUG] debug-file - watch worker: worker id should be larger than 0. Nothing will be sent to any worker thread.
[2026-06-23T17:18:01.669] [DEBUG] debug-file - watch worker: worker id should be larger than 0. Nothing will be sent to any worker thread.
[2026-06-23T17:21:13.287] [DEBUG] debug-file - session manager: set active socket. socketId=Q9aG7LR_umaoYfdsAAAF
[2026-06-23T17:21:13.313] [DEBUG] debug-file - watch worker: worker id should be larger than 0. Nothing will be sent to any worker thread.
[2026-06-23T17:21:13.318] [DEBUG] debug-file - Workers' log level updated to INFO
[2026-06-23T17:21:13.324] [DEBUG] debug-file - Hvigor init with startParameters:{
  hvigorfileTypeCheck: false,
  parallelExecution: true,
  incrementalExecution: true,
  printStackTrace: false,
  daemon: true,
  analyze: 0,
  logLevel: Level { level: 20000, levelStr: 'INFO', colour: 'green' },
  optimizationStrategy: 'memory',
  hotCompile: undefined,
  hotReloadBuild: undefined,
  customizedParam: undefined
}
[2026-06-23T17:21:13.329] [DEBUG] debug-file - Cache service initialization finished in 6 ms 
[2026-06-23T17:21:13.331] [DEBUG] debug-file - hvigorfile, resolving E:\lezihuawei\target\hvigorfile.ts
[2026-06-23T17:21:13.339] [DEBUG] debug-file - hvigorfile, require result:  {}
[2026-06-23T17:21:13.339] [DEBUG] debug-file - hvigorfile, binding system plugins {}
[2026-06-23T17:21:13.340] [DEBUG] debug-file - Starting plugin build process
[2026-06-23T17:21:13.340] [DEBUG] debug-file - App plugin prepare start...
[2026-06-23T17:21:13.342] [DEBUG] debug-file - App plugin prepare end...
[2026-06-23T17:21:13.342] [DEBUG] debug-file - App plugin creating...
[2026-06-23T17:21:13.352] [DEBUG] debug-file - App plugin register hook start...
[2026-06-23T17:21:13.352] [DEBUG] debug-file - App plugin register hook end...
[2026-06-23T17:21:13.352] [DEBUG] debug-file - Plugin build process completed
[2026-06-23T17:21:13.353] [DEBUG] debug-file - Start initialize project's product build option map with build mode debug.
[2026-06-23T17:21:13.353] [DEBUG] debug-file - Picking option from product 'default' with build mode 'debug'.
[2026-06-23T17:21:13.354] [DEBUG] debug-file - Product 'default' build option initialized
[2026-06-23T17:21:13.354] [DEBUG] debug-file - End initialize project's product build option map with build mode 'debug'.
[2026-06-23T17:21:13.357] [DEBUG] debug-file - Obtain build option for product 'default'in this build.
[2026-06-23T17:21:13.358] [DEBUG] debug-file - E:\lezihuawei\target\build\cache\default\remote_hsp\remoteHspCache.json not exists.
[2026-06-23T17:21:13.363] [DEBUG] debug-file - Start recording SDK configuration permission data.
[2026-06-23T17:21:13.408] [DEBUG] debug-file - Sdk init in 49 ms 
[2026-06-23T17:21:13.416] [DEBUG] debug-file - Project task initialization takes 7 ms 
[2026-06-23T17:21:13.416] [DEBUG] debug-file - hvigorfile, resolve finished E:\lezihuawei\target\hvigorfile.ts
[2026-06-23T17:21:13.417] [DEBUG] debug-file - hvigorfile, resolving E:\lezihuawei\target\entry\hvigorfile.ts
[2026-06-23T17:21:13.422] [DEBUG] debug-file - hvigorfile, require result:  {}
[2026-06-23T17:21:13.422] [DEBUG] debug-file - hvigorfile, binding system plugins {}
[2026-06-23T17:21:13.422] [DEBUG] debug-file - Starting plugin build process
[2026-06-23T17:21:13.423] [DEBUG] debug-file - Hap plugin creating...
[2026-06-23T17:21:13.425] [DEBUG] debug-file - failed to load cangjie to dynamically generate schemas: Error: Cannot find module '@ohos/cangjie-build-support/index'
Require stack:
- E:\DevEco Studio\tools\hvigor\hvigor-ohos-plugin\src\plugin\hooks\cangjie-register.js
- E:\DevEco Studio\tools\hvigor\hvigor-ohos-plugin\src\plugin\strategy\stage-init-strategy.js
- E:\DevEco Studio\tools\hvigor\hvigor-ohos-plugin\src\plugin\builder\abstract-plugin-builder.js
- E:\DevEco Studio\tools\hvigor\hvigor-ohos-plugin\src\plugin\builder\app-plugin-builder.js
- E:\DevEco Studio\tools\hvigor\hvigor-ohos-plugin\src\plugin\factory\plugin-factory.js
- E:\DevEco Studio\tools\hvigor\hvigor-ohos-plugin\index.js
- E:\lezihuawei\target\hvigorfile.ts
- E:\DevEco Studio\tools\hvigor\hvigor\src\base\internal\lifecycle\configuration.js
- E:\DevEco Studio\tools\hvigor\hvigor\src\base\boot\index.js
- E:\DevEco Studio\tools\hvigor\hvigor\src\base\daemon\cluster\worker-process-lifecycle.js
- E:\DevEco Studio\tools\hvigor\hvigor\src\base\daemon\process\daemon-process-boot-script.js
[2026-06-23T17:21:13.429] [DEBUG] debug-file - Start initialize module-target build option map, moduleName=entry, buildMode=debug
[2026-06-23T17:21:13.429] [DEBUG] debug-file - Target 'default' config initialized
[2026-06-23T17:21:13.431] [DEBUG] debug-file - Module 'entry' target 'default' build option initialized
[2026-06-23T17:21:13.431] [DEBUG] debug-file - End initialize module-target build option map, moduleName=entry
[2026-06-23T17:21:13.431] [DEBUG] debug-file - Start initialize module-target build option map, moduleName=entry, buildMode=release
[2026-06-23T17:21:13.431] [DEBUG] debug-file - Target 'default' config initialized
[2026-06-23T17:21:13.432] [DEBUG] debug-file - Module 'entry' target 'default' build option initialized
[2026-06-23T17:21:13.432] [DEBUG] debug-file - End initialize module-target build option map, moduleName=entry
[2026-06-23T17:21:13.432] [DEBUG] debug-file - Start initialize module-target build option map, moduleName=entry, buildMode=debug
[2026-06-23T17:21:13.432] [DEBUG] debug-file - Target 'default' config initialized
[2026-06-23T17:21:13.433] [DEBUG] debug-file - Module 'entry' target 'default' build option initialized
[2026-06-23T17:21:13.433] [DEBUG] debug-file - End initialize module-target build option map, moduleName=entry
[2026-06-23T17:21:13.433] [DEBUG] debug-file - Obtain build option for module 'entry' target 'default'in this build.
[2026-06-23T17:21:13.436] [DEBUG] debug-file - Module entry task initialization takes 2 ms 
[2026-06-23T17:21:13.436] [DEBUG] debug-file - Hap plugin register hook start...
[2026-06-23T17:21:13.436] [DEBUG] debug-file - Hap plugin register hook end...
[2026-06-23T17:21:13.436] [DEBUG] debug-file - Plugin build process completed
[2026-06-23T17:21:13.436] [DEBUG] debug-file - hvigorfile, resolve finished E:\lezihuawei\target\entry\hvigorfile.ts
[2026-06-23T17:21:13.470] [DEBUG] debug-file - hvigorfile, resolve hvigorfile dependencies in 32 ms 
[2026-06-23T17:21:13.470] [DEBUG] debug-file - project has submodules:entry
[2026-06-23T17:21:13.473] [DEBUG] debug-file - start to load updatedOhPackageInfo to the disk
[2026-06-23T17:21:13.485] [DEBUG] debug-file - load to the disk finished
[2026-06-23T17:21:13.488] [DEBUG] debug-file - Start to initialize dependency information.
[2026-06-23T17:21:13.491] [DEBUG] debug-file - Module target Collected Dependency: 
[2026-06-23T17:21:13.491] [DEBUG] debug-file - Module target's total dependency: 0
[2026-06-23T17:21:13.493] [DEBUG] debug-file - Start to initialize dependency information.
[2026-06-23T17:21:13.497] [DEBUG] debug-file - Module entry Collected Dependency: 
[2026-06-23T17:21:13.497] [DEBUG] debug-file - Module entry's total dependency: 0
[2026-06-23T17:21:13.500] [DEBUG] debug-file - Configuration phase cost:171 ms 
[2026-06-23T17:21:13.502] [DEBUG] debug-file - Configuration task cost before running: 183 ms 
[2026-06-23T17:21:13.508] [DEBUG] debug-file - Executing task :entry:default@PreBuild
[2026-06-23T17:21:13.509] [DEBUG] debug-file - Task 'entry:default@PreBuild' cost while wrapping incremental declarations: 1 ms 
[2026-06-23T17:21:13.523] [DEBUG] debug-file - Incremental task entry:default@PreBuild pre-execution cost: 10 ms .
[2026-06-23T17:21:13.523] [DEBUG] debug-file - entry : default@PreBuild cost memory 0.2970733642578125
[2026-06-23T17:21:13.528] [INFO] debug-file - UP-TO-DATE :entry:default@PreBuild...  
[2026-06-23T17:21:13.529] [DEBUG] debug-file - Executing task :entry:default@CreateModuleInfo
[2026-06-23T17:21:13.529] [DEBUG] debug-file - Task 'entry:default@CreateModuleInfo' cost while wrapping incremental declarations: 1 ms 
[2026-06-23T17:21:13.530] [DEBUG] debug-file - entry : default@CreateModuleInfo cost memory 0.0414276123046875
[2026-06-23T17:21:13.530] [DEBUG] debug-file - runTaskFromQueue task cost before running: 212 ms 
[2026-06-23T17:21:13.530] [INFO] debug-file - Finished :entry:default@CreateModuleInfo... after 2 ms 
[2026-06-23T17:21:13.535] [DEBUG] debug-file - Executing task :entry:default@GenerateMetadata
[2026-06-23T17:21:13.536] [DEBUG] debug-file - Task 'entry:default@GenerateMetadata' cost while wrapping incremental declarations: 1 ms 
[2026-06-23T17:21:13.538] [DEBUG] debug-file - Incremental task entry:default@GenerateMetadata pre-execution cost: 3 ms .
[2026-06-23T17:21:13.538] [DEBUG] debug-file - entry : default@GenerateMetadata cost memory -1.6865005493164062
[2026-06-23T17:21:13.538] [INFO] debug-file - UP-TO-DATE :entry:default@GenerateMetadata...  
[2026-06-23T17:21:13.540] [DEBUG] debug-file - Executing task :entry:default@ConfigureCmake
[2026-06-23T17:21:13.540] [DEBUG] debug-file - entry : default@ConfigureCmake cost memory 0.0145721435546875
[2026-06-23T17:21:13.540] [DEBUG] debug-file - runTaskFromQueue task cost before running: 222 ms 
[2026-06-23T17:21:13.541] [INFO] debug-file - Finished :entry:default@ConfigureCmake... after 1 ms 
[2026-06-23T17:21:13.542] [DEBUG] debug-file - Executing task :entry:default@MergeProfile
[2026-06-23T17:21:13.542] [DEBUG] debug-file - Task 'entry:default@MergeProfile' cost while wrapping incremental declarations: 1 ms 
[2026-06-23T17:21:13.545] [DEBUG] debug-file - Incremental task entry:default@MergeProfile pre-execution cost: 3 ms .
[2026-06-23T17:21:13.546] [DEBUG] debug-file - entry : default@MergeProfile cost memory 0.12436676025390625
[2026-06-23T17:21:13.546] [INFO] debug-file - UP-TO-DATE :entry:default@MergeProfile...  
[2026-06-23T17:21:13.548] [DEBUG] debug-file - Executing task :entry:default@CreateBuildProfile
[2026-06-23T17:21:13.549] [DEBUG] debug-file - Task 'entry:default@CreateBuildProfile' cost while wrapping incremental declarations: 1 ms 
[2026-06-23T17:21:13.551] [DEBUG] debug-file - Incremental task entry:default@CreateBuildProfile pre-execution cost: 3 ms .
[2026-06-23T17:21:13.551] [DEBUG] debug-file - entry : default@CreateBuildProfile cost memory 0.0919647216796875
[2026-06-23T17:21:13.551] [INFO] debug-file - UP-TO-DATE :entry:default@CreateBuildProfile...  
[2026-06-23T17:21:13.553] [DEBUG] debug-file - Executing task :entry:default@PreCheckSyscap
[2026-06-23T17:21:13.554] [DEBUG] debug-file - entry : default@PreCheckSyscap cost memory 0.01480865478515625
[2026-06-23T17:21:13.554] [DEBUG] debug-file - runTaskFromQueue task cost before running: 235 ms 
[2026-06-23T17:21:13.554] [INFO] debug-file - Finished :entry:default@PreCheckSyscap... after 1 ms 
[2026-06-23T17:21:13.556] [DEBUG] debug-file - Executing task :entry:default@GeneratePkgContextInfo
[2026-06-23T17:21:13.563] [DEBUG] debug-file - Task 'entry:default@GeneratePkgContextInfo' cost while wrapping incremental declarations: 1 ms 
[2026-06-23T17:21:13.563] [DEBUG] debug-file - entry : default@GeneratePkgContextInfo cost memory 0.14892578125
[2026-06-23T17:21:13.563] [DEBUG] debug-file - runTaskFromQueue task cost before running: 245 ms 
[2026-06-23T17:21:13.564] [INFO] debug-file - Finished :entry:default@GeneratePkgContextInfo... after 8 ms 
[2026-06-23T17:21:13.570] [DEBUG] debug-file - Executing task :entry:default@ProcessIntegratedHsp
[2026-06-23T17:21:13.570] [DEBUG] debug-file - entry:default@ProcessIntegratedHsp is not up-to-date, since the output file 'E:\lezihuawei\target\build\cache\default\integrated_hsp\integratedHspCache.json' does not exist.
[2026-06-23T17:21:13.570] [DEBUG] debug-file - Incremental task entry:default@ProcessIntegratedHsp pre-execution cost: 1 ms .
[2026-06-23T17:21:13.571] [DEBUG] debug-file - entry : default@ProcessIntegratedHsp cost memory 0.0546875
[2026-06-23T17:21:13.571] [DEBUG] debug-file - runTaskFromQueue task cost before running: 252 ms 
[2026-06-23T17:21:13.571] [INFO] debug-file - Finished :entry:default@ProcessIntegratedHsp... after 1 ms 
[2026-06-23T17:21:13.573] [DEBUG] debug-file - Executing task :entry:default@BuildNativeWithCmake
[2026-06-23T17:21:13.574] [DEBUG] debug-file - entry : default@BuildNativeWithCmake cost memory 0.0145263671875
[2026-06-23T17:21:13.574] [DEBUG] debug-file - runTaskFromQueue task cost before running: 255 ms 
[2026-06-23T17:21:13.574] [INFO] debug-file - Finished :entry:default@BuildNativeWithCmake... after 1 ms 
[2026-06-23T17:21:13.576] [DEBUG] debug-file - Executing task :entry:default@MakePackInfo
[2026-06-23T17:21:13.580] [DEBUG] debug-file - Incremental task entry:default@MakePackInfo pre-execution cost: 4 ms .
[2026-06-23T17:21:13.580] [DEBUG] debug-file - entry : default@MakePackInfo cost memory 0.1020355224609375
[2026-06-23T17:21:13.581] [INFO] debug-file - UP-TO-DATE :entry:default@MakePackInfo...  
[2026-06-23T17:21:13.583] [DEBUG] debug-file - Executing task :entry:default@SyscapTransform
[2026-06-23T17:21:13.583] [DEBUG] debug-file - File: 'E:\lezihuawei\target\entry\src\main\syscap.json' from 'sysCapJsonPath' is not exists, just ignore.
[2026-06-23T17:21:13.585] [DEBUG] debug-file - Task 'entry:default@SyscapTransform' cost while wrapping incremental declarations: 2 ms 
[2026-06-23T17:21:13.591] [DEBUG] debug-file - entry:default@SyscapTransform is not up-to-date, since the output file 'E:\lezihuawei\target\entry\build\default\intermediates\syscap\default\rpcid.sc' does not exist.
[2026-06-23T17:21:13.591] [DEBUG] debug-file - Incremental task entry:default@SyscapTransform pre-execution cost: 7 ms .
[2026-06-23T17:21:13.592] [DEBUG] debug-file - entry : default@SyscapTransform cost memory 0.1484375
[2026-06-23T17:21:13.592] [DEBUG] debug-file - runTaskFromQueue task cost before running: 274 ms 
[2026-06-23T17:21:13.593] [INFO] debug-file - Finished :entry:default@SyscapTransform... after 10 ms 
[2026-06-23T17:21:13.597] [DEBUG] debug-file - Executing task :entry:default@ProcessProfile
[2026-06-23T17:21:13.599] [DEBUG] debug-file - Task 'entry:default@ProcessProfile' cost while wrapping incremental declarations: 1 ms 
[2026-06-23T17:21:13.602] [DEBUG] debug-file - Incremental task entry:default@ProcessProfile pre-execution cost: 3 ms .
[2026-06-23T17:21:13.602] [DEBUG] debug-file - entry : default@ProcessProfile cost memory 0.12931060791015625
[2026-06-23T17:21:13.602] [INFO] debug-file - UP-TO-DATE :entry:default@ProcessProfile...  
[2026-06-23T17:21:13.605] [DEBUG] debug-file - Executing task :entry:default@ProcessRouterMap
[2026-06-23T17:21:13.611] [DEBUG] debug-file - Incremental task entry:default@ProcessRouterMap pre-execution cost: 5 ms .
[2026-06-23T17:21:13.611] [DEBUG] debug-file - entry : default@ProcessRouterMap cost memory 0.1263275146484375
[2026-06-23T17:21:13.613] [INFO] debug-file - UP-TO-DATE :entry:default@ProcessRouterMap...  
[2026-06-23T17:21:13.616] [DEBUG] debug-file - Executing task :entry:default@ProcessShareConfig
[2026-06-23T17:21:13.621] [DEBUG] debug-file - Incremental task entry:default@ProcessShareConfig pre-execution cost: 4 ms .
[2026-06-23T17:21:13.621] [DEBUG] debug-file - entry : default@ProcessShareConfig cost memory 0.1035308837890625
[2026-06-23T17:21:13.622] [INFO] debug-file - UP-TO-DATE :entry:default@ProcessShareConfig...  
[2026-06-23T17:21:13.624] [DEBUG] debug-file - Executing task :entry:default@ProcessStartupConfig
[2026-06-23T17:21:13.624] [DEBUG] debug-file - Task 'entry:default@ProcessStartupConfig' cost while wrapping incremental declarations: 1 ms 
[2026-06-23T17:21:13.625] [DEBUG] debug-file - entry:default@ProcessStartupConfig is not up-to-date, since the output file 'E:\lezihuawei\target\entry\build\default\intermediates\startup\default\startup_config.json' does not exist.
[2026-06-23T17:21:13.625] [DEBUG] debug-file - Incremental task entry:default@ProcessStartupConfig pre-execution cost: 1 ms .
[2026-06-23T17:21:13.625] [DEBUG] debug-file - entry : default@ProcessStartupConfig cost memory 0.08933258056640625
[2026-06-23T17:21:13.625] [DEBUG] debug-file - runTaskFromQueue task cost before running: 307 ms 
[2026-06-23T17:21:13.626] [INFO] debug-file - Finished :entry:default@ProcessStartupConfig... after 2 ms 
[2026-06-23T17:21:13.628] [DEBUG] debug-file - Executing task :entry:default@BuildNativeWithNinja
[2026-06-23T17:21:13.629] [DEBUG] debug-file - entry : default@BuildNativeWithNinja cost memory 0.02008056640625
[2026-06-23T17:21:13.629] [DEBUG] debug-file - runTaskFromQueue task cost before running: 310 ms 
[2026-06-23T17:21:13.630] [INFO] debug-file - Finished :entry:default@BuildNativeWithNinja... after 1 ms 
[2026-06-23T17:21:13.632] [DEBUG] debug-file - restool module names: entry; moduleName=entry, taskName=default@ProcessResource
[2026-06-23T17:21:13.635] [DEBUG] debug-file - Executing task :entry:default@ProcessResource
[2026-06-23T17:21:13.635] [DEBUG] debug-file - Task 'entry:default@ProcessResource' cost while wrapping incremental declarations: 1 ms 
[2026-06-23T17:21:13.637] [DEBUG] debug-file - Incremental task entry:default@ProcessResource pre-execution cost: 2 ms .
[2026-06-23T17:21:13.637] [DEBUG] debug-file - entry : default@ProcessResource cost memory 0.12389373779296875
[2026-06-23T17:21:13.641] [INFO] debug-file - UP-TO-DATE :entry:default@ProcessResource...  
[2026-06-23T17:21:13.644] [DEBUG] debug-file - Executing task :entry:default@GenerateLoaderJson
[2026-06-23T17:21:13.644] [DEBUG] debug-file - Task 'entry:default@GenerateLoaderJson' cost while wrapping incremental declarations: 1 ms 
[2026-06-23T17:21:13.662] [DEBUG] debug-file - Incremental task entry:default@GenerateLoaderJson pre-execution cost: 13 ms .
[2026-06-23T17:21:13.663] [DEBUG] debug-file - entry : default@GenerateLoaderJson cost memory -1.1755828857421875
[2026-06-23T17:21:13.668] [INFO] debug-file - UP-TO-DATE :entry:default@GenerateLoaderJson...  
[2026-06-23T17:21:13.670] [DEBUG] debug-file - Executing task :entry:default@ProcessLibs
[2026-06-23T17:21:13.674] [DEBUG] debug-file - Incremental task entry:default@ProcessLibs pre-execution cost: 3 ms .
[2026-06-23T17:21:13.674] [DEBUG] debug-file - entry : default@ProcessLibs cost memory 0.09745025634765625
[2026-06-23T17:21:13.675] [INFO] debug-file - UP-TO-DATE :entry:default@ProcessLibs...  
[2026-06-23T17:21:13.677] [DEBUG] debug-file - restool module names: entry; moduleName=entry, taskName=default@CompileResource
[2026-06-23T17:21:13.678] [DEBUG] debug-file - Executing task :entry:default@CompileResource
[2026-06-23T17:21:13.701] [DEBUG] debug-file - Incremental task entry:default@CompileResource pre-execution cost: 22 ms .
[2026-06-23T17:21:13.701] [DEBUG] debug-file - entry : default@CompileResource cost memory 0.524810791015625
[2026-06-23T17:21:13.704] [INFO] debug-file - UP-TO-DATE :entry:default@CompileResource...  
[2026-06-23T17:21:13.706] [DEBUG] debug-file - Executing task :entry:default@DoNativeStrip
[2026-06-23T17:21:13.706] [DEBUG] debug-file - Task 'entry:default@DoNativeStrip' cost while wrapping incremental declarations: 1 ms 
[2026-06-23T17:21:13.708] [DEBUG] debug-file - Incremental task entry:default@DoNativeStrip pre-execution cost: 2 ms .
[2026-06-23T17:21:13.708] [DEBUG] debug-file - entry : default@DoNativeStrip cost memory 0.07881927490234375
[2026-06-23T17:21:13.708] [INFO] debug-file - UP-TO-DATE :entry:default@DoNativeStrip...  
[2026-06-23T17:21:13.710] [DEBUG] debug-file - Executing task :entry:default@CompileArkTS
[2026-06-23T17:21:13.711] [DEBUG] debug-file - obfuscationOptions: undefined
[2026-06-23T17:21:13.712] [DEBUG] debug-file - Task 'entry:default@CompileArkTS' cost while wrapping incremental declarations: 1 ms 
[2026-06-23T17:21:13.732] [DEBUG] debug-file - build config:
[2026-06-23T17:21:13.733] [DEBUG] debug-file - {
  moduleType: 'entry',
  perf: 0,
  targetName: '.default',
  packageManagerType: 'ohpm',
  localPropertiesPath: 'E:\\lezihuawei\\target\\local.properties',
  isPreview: false,
  isOhosTest: false,
  isLocalTest: false,
  buildMode: 'Debug',
  hotReloadBuild: undefined,
  watchMode: 'false',
  aceProfilePath: 'E:\\lezihuawei\\target\\entry\\build\\default\\intermediates\\res\\default\\resources\\base\\profile',
  etsLoaderPath: 'E:\\DevEco Studio\\sdk\\default\\openharmony\\ets\\build-tools\\ets-loader',
  modulePath: 'E:\\lezihuawei\\target\\entry',
  testFrameworkPar: {
    testMode: undefined,
    coveragePathFilter: undefined,
    coverageMode: undefined
  },
  needCoverageInsert: false,
  debugLine: false,
  projectTopDir: 'E:\\lezihuawei\\target',
  compileSdkVersion: 22,
  compatibleSdkVersion: 12,
  originCompatibleSdkVersion: '5.0.0(12)',
  compatibleSdkVersionStage: 'beta1',
  bundleName: 'c***e',
  etsLoaderVersion: '6.0.2.130',
  etsLoaderReleaseType: 'Release',
  aotCompileMode: 'type',
  apPath: 'E:\\lezihuawei\\target\\entry\\modules.ap',
  entryModuleName: 'entry',
  entryModuleVersion: '1.0.0',
  entryPackageName: 'entry',
  allModuleNameHash: 'a061f25979885c49f73e6f993b95c2d741fbc8cd67e90b96a1d41c8b865517b9',
  externalApiPaths: [ 'E:\\DevEco Studio\\sdk\\default\\hms\\ets' ],
  compilerTypes: [],
  isCrossplatform: false,
  hvigorPluginFile: undefined,
  compilePluginPath: undefined,
  buildGeneratedProfilePath: 'E:\\lezihuawei\\target\\entry\\build\\default\\generated\\profile\\default',
  bundleType: 'app',
  arkTSVersion: undefined,
  apiVersion: 22,
  needCompleteSourcesMap: false,
  isFaMode: false,
  buildDir: 'E:\\lezihuawei\\target\\entry\\build',
  deviceTypes: [ 'phone', 'tablet', '2in1' ],
  pkgContextInfo: undefined,
  ohPackagePathMap: {},
  dependencyAliasMap: {},
  permission: { requestPermissions: [ [Object] ], definePermissions: undefined },
  useGetCurrentBundleName: false,
  projectArkOption: undefined,
  sourceMapDir: undefined,
  branchElimination: false,
  transformLib: undefined,
  tsImportSendable: false,
  resolveConflictMode: true,
  depName2RootPath: {},
  depName2DepInfo: {},
  rootPathSet: [ 'E:\\lezihuawei\\target' ],
  useNativeResolver: true,
  shouldEmitJs: true,
  useTscResolve: false,
  singleFileEmit: false,
  userProjectConfig: {
    autoLazyImport: false,
    allowEmptyBundleName: false,
    reExportCheckMode: 'noCheck',
    executionMode: 'memory',
    usePathPlaceholder: false,
    writeRollupCache: true,
    isExpandImportEnabled: false,
    expandImportExclude: '',
    lazyImportExclude: '',
    lazyImportInclude: '',
    ignoreCrossplatformCheck: false,
    isHarDeduplicateEnabled: false,
    skipOhModulesLint: false,
    enableStrictCheckOHModule: false,
    disableSendableCheckRules: [],
    useDeclarationFileSignature: false,
    customizedOptions: undefined,
    integratedHsp: false,
    isPreloadSoEnabled: false
  },
  executionMode: 'memory',
  arkCompileCachePath: 'E:\\lezihuawei\\target\\entry\\build\\default\\cache\\default\\default@CompileArkTS\\esmodule',
  autoLazyFilter: undefined,
  isHarDeduplicateEnabled: false,
  intermediateHarDuplicateDirPath: 'E:\\lezihuawei\\target\\entry\\build\\default\\intermediates\\har_duplicate\\default',
  autoLazyImport: false,
  allowEmptyBundleName: false,
  reExportCheckMode: 'noCheck',
  usePathPlaceholder: false,
  writeRollupCache: true,
  isExpandImportEnabled: false,
  expandImportExclude: '',
  lazyImportExclude: '',
  lazyImportInclude: '',
  ignoreCrossplatformCheck: false,
  skipOhModulesLint: false,
  enableStrictCheckOHModule: false,
  disableSendableCheckRules: [],
  useDeclarationFileSignature: false,
  customizedOptions: undefined,
  integratedHsp: false,
  isPreloadSoEnabled: false,
  strictMode: { caseSensitiveCheck: true },
  useNormalizedOHMUrl: false,
  caseSensitiveCheck: true,
  aceModuleJsonPath: 'E:\\lezihuawei\\target\\entry\\build\\default\\intermediates\\res\\default\\ark_module.json',
  appResource: 'E:\\lezihuawei\\target\\entry\\build\\default\\intermediates\\res\\default\\ResourceTable.txt',
  rawFileResource: 'E:\\lezihuawei\\target\\entry\\build\\default\\intermediates\\res\\default\\resources\\rawfile',
  resourceTableHash: 'd63c2bc819611829f6a1266258e3d5f507c2a7a0190b6501843995fdcdae1b0f',
  runtimeOS: 'HarmonyOS',
  sdkInfo: 'false:22:6.0.2.130:Release',
  aceModuleRoot: 'E:\\lezihuawei\\target\\entry\\src\\main\\ets',
  compileMode: 'esmodule',
  aceSuperVisualPath: 'E:\\lezihuawei\\target\\entry\\src\\main\\supervisual',
  aceBuildJson: 'E:\\lezihuawei\\target\\entry\\build\\default\\intermediates\\loader\\default\\loader.json',
  cachePath: 'E:\\lezihuawei\\target\\entry\\build\\default\\cache\\default\\default@CompileArkTS\\esmodule\\debug',
  aceModuleBuild: 'E:\\lezihuawei\\target\\entry\\build\\default\\intermediates\\loader_out\\default\\ets',
  supportChunks: true,
  declaredFilesPath: undefined,
  shouldCollectDirectImportees: false,
  isByteCodeHarOptimize: false,
  expandImportPath: undefined,
  pkgNameToPkgBriefInfo: {
    entry: {
      pkgRoot: 'E:\\lezihuawei\\target\\entry',
      originalSourceRoots: undefined,
      sourceRoots: [Array],
      pkgName: 'entry'
    }
  },
  projectModel: {
    'E:\\lezihuawei\\target\\entry\\src\\main': {
      moduleName: 'entry',
      modulePkgPath: 'E:\\lezihuawei\\target\\entry',
      belongProjectPath: 'E:\\lezihuawei\\target'
    },
    'E:\\lezihuawei\\target\\entry': {
      moduleName: 'entry',
      modulePkgPath: 'E:\\lezihuawei\\target\\entry',
      belongProjectPath: 'E:\\lezihuawei\\target'
    },
    'E:\\lezihuawei\\target': {
      moduleName: 'target',
      modulePkgPath: 'E:\\lezihuawei\\target',
      belongProjectPath: 'E:\\lezihuawei\\target'
    }
  },
  pkgJsonFileHash: '7710eea91560623c7a4ba2cf218df320cc1c900bb25057ed1a9ff492653dc818',
  allModulePaths: [ 'E:\\lezihuawei\\target\\entry' ],
  routerMap: {},
  obfuscationOptions: undefined,
  byteCodeHarToDependencyKeys: undefined,
  compileBlockPkg: [],
  mockParams: {
    decorator: '@MockSetup',
    packageName: '@ohos/hamock',
    etsSourceRootPath: 'src/main/ets',
    mockConfigPath: undefined,
    mockConfigKey2ModuleInfo: {},
    source2ModuleIdMap: {}
  },
  copyCodeResourceEnable: true,
  copyCodeResourceExcludes: [],
  copyCodeResourceIncludes: undefined,
  uiTransformOptimization: false,
  sdkPath: 'E:/DevEco Studio/sdk',
  needPreloadSoFileSet: {},
  preloadSoFilePath: 'E:\\lezihuawei\\target\\entry\\build\\default\\intermediates\\preload\\default\\preload.json',
  useSourceHash: false,
  localModuleParamMap: {},
  otherPaths: {
    'entry/*': [
      '..\\*',
      '..\\..\\..\\build\\default\\generated\\profile\\default\\*'
    ]
  },
  collectImportersConfig: undefined
}
[2026-06-23T17:21:13.733] [DEBUG] debug-file - Compile arkts with external api path: E:\DevEco Studio\sdk\default\hms\ets
[2026-06-23T17:21:13.735] [DEBUG] debug-file - default@CompileArkTS work[2] is submitted.
[2026-06-23T17:21:13.735] [DEBUG] debug-file - default@CompileArkTS work[2] is pushed to ready queue.
[2026-06-23T17:21:13.735] [DEBUG] debug-file - A work dispatched to worker[19] failed because unable to get work from ready queue.
[2026-06-23T17:21:13.735] [DEBUG] debug-file - A work dispatched to worker[18] failed because unable to get work from ready queue.
[2026-06-23T17:21:13.735] [DEBUG] debug-file - A work dispatched to worker[17] failed because unable to get work from ready queue.
[2026-06-23T17:21:13.736] [DEBUG] debug-file - A work dispatched to worker[16] failed because unable to get work from ready queue.
[2026-06-23T17:21:13.736] [DEBUG] debug-file - A work dispatched to worker[15] failed because unable to get work from ready queue.
[2026-06-23T17:21:13.736] [DEBUG] debug-file - A work dispatched to worker[14] failed because unable to get work from ready queue.
[2026-06-23T17:21:13.736] [DEBUG] debug-file - A work dispatched to worker[13] failed because unable to get work from ready queue.
[2026-06-23T17:21:13.736] [DEBUG] debug-file - A work dispatched to worker[12] failed because unable to get work from ready queue.
[2026-06-23T17:21:13.736] [DEBUG] debug-file - A work dispatched to worker[11] failed because unable to get work from ready queue.
[2026-06-23T17:21:13.736] [DEBUG] debug-file - A work dispatched to worker[10] failed because unable to get work from ready queue.
[2026-06-23T17:21:13.736] [DEBUG] debug-file - A work dispatched to worker[9] failed because unable to get work from ready queue.
[2026-06-23T17:21:13.736] [DEBUG] debug-file - A work dispatched to worker[8] failed because unable to get work from ready queue.
[2026-06-23T17:21:13.736] [DEBUG] debug-file - A work dispatched to worker[7] failed because unable to get work from ready queue.
[2026-06-23T17:21:13.736] [DEBUG] debug-file - A work dispatched to worker[6] failed because unable to get work from ready queue.
[2026-06-23T17:21:13.736] [DEBUG] debug-file - A work dispatched to worker[5] failed because unable to get work from ready queue.
[2026-06-23T17:21:13.737] [DEBUG] debug-file - default@CompileArkTS work[2] has been dispatched to worker[4].
[2026-06-23T17:21:13.737] [DEBUG] debug-file - default@CompileArkTS work[2] is dispatched.
[2026-06-23T17:21:13.737] [DEBUG] debug-file - CopyResources startTime: 2820464535800
[2026-06-23T17:21:13.737] [DEBUG] debug-file - default@CompileArkTS work[3] is submitted.
[2026-06-23T17:21:13.737] [DEBUG] debug-file - default@CompileArkTS work[3] is pushed to ready queue.
[2026-06-23T17:21:13.737] [DEBUG] debug-file - A work dispatched to worker[19] failed because unable to get work from ready queue.
[2026-06-23T17:21:13.737] [DEBUG] debug-file - Create  resident worker with id: 18.
[2026-06-23T17:21:13.739] [DEBUG] debug-file - default@CompileArkTS work[3] has been dispatched to worker[18].
[2026-06-23T17:21:13.739] [DEBUG] debug-file - default@CompileArkTS work[3] is dispatched.
[2026-06-23T17:21:13.739] [DEBUG] debug-file - entry : default@CompileArkTS cost memory -0.5010910034179688
[2026-06-23T17:21:13.742] [DEBUG] debug-file - Executing task :entry:default@BuildJS
[2026-06-23T17:21:13.743] [DEBUG] debug-file - Task 'entry:default@BuildJS' cost while wrapping incremental declarations: 1 ms 
[2026-06-23T17:21:13.748] [DEBUG] debug-file - entry : default@BuildJS cost memory 0.14373016357421875
[2026-06-23T17:21:13.748] [DEBUG] debug-file - runTaskFromQueue task cost before running: 430 ms 
[2026-06-23T17:21:13.749] [INFO] debug-file - Finished :entry:default@BuildJS... after 7 ms 
[2026-06-23T17:21:13.750] [DEBUG] debug-file - Executing task :entry:default@CacheNativeLibs
[2026-06-23T17:21:13.751] [DEBUG] debug-file - Task 'entry:default@CacheNativeLibs' cost while wrapping incremental declarations: 1 ms 
[2026-06-23T17:21:13.754] [DEBUG] debug-file - Incremental task entry:default@CacheNativeLibs pre-execution cost: 3 ms .
[2026-06-23T17:21:13.755] [DEBUG] debug-file - entry : default@CacheNativeLibs cost memory 0.09212493896484375
[2026-06-23T17:21:13.755] [INFO] debug-file - UP-TO-DATE :entry:default@CacheNativeLibs...  
[2026-06-23T17:21:15.541] [DEBUG] debug-file - worker[18] has one work done.
[2026-06-23T17:21:15.541] [DEBUG] debug-file - CopyResources is end, endTime: 2822268902200
[2026-06-23T17:21:15.542] [DEBUG] debug-file - default@CompileArkTS work[3] done.
[2026-06-23T17:21:15.542] [DEBUG] debug-file - A work dispatched to worker[18] failed because unable to get work from ready queue.
[2026-06-23T17:21:16.591] [WARN] debug-file - [33mWARN: [33m[33mArkTS:WARN File: E:/lezihuawei/target/entry/src/main/ets/utils/ScreenAdapter.ets:29:29
 'matchMediaSync' has been deprecated.
[39m[39m
[33mWARN: [33m[33mArkTS:WARN File: E:/lezihuawei/target/entry/src/main/ets/utils/ScreenAdapter.ets:48:29
 'matchMediaSync' has been deprecated.
[39m[39m
[33mWARN: [33m[33mArkTS:WARN File: E:/lezihuawei/target/entry/src/main/ets/pages/Index.ets:106:20
 'pushUrl' has been deprecated.
[39m[39m
[33mWARN: [33m[33mArkTS:WARN File: E:/lezihuawei/target/entry/src/main/ets/pages/Index.ets:118:20
 'pushUrl' has been deprecated.
[39m[39m
[33mWARN: [33m[33mArkTS:WARN File: E:/lezihuawei/target/entry/src/main/ets/pages/GamePage.ets:788:24
 'back' has been deprecated.
[39m[39m
[33mWARN: [33m[33mArkTS:WARN File: E:/lezihuawei/target/entry/src/main/ets/pages/RecordPage.ets:194:22
 'back' has been deprecated.
[39m[39m

[2026-06-23T17:21:16.592] [DEBUG] debug-file - Ark compile task finished.finished time is 2823319285100
[2026-06-23T17:21:16.594] [DEBUG] debug-file - worker[4] has one work done.
[2026-06-23T17:21:16.597] [DEBUG] debug-file - default@CompileArkTS work[2] done.
[2026-06-23T17:21:16.598] [DEBUG] debug-file - A work dispatched to worker[4] failed because unable to get work from ready queue.
[2026-06-23T17:21:16.602] [INFO] debug-file - Finished :entry:default@CompileArkTS... after 2 s 882 ms 
[2026-06-23T17:21:16.605] [DEBUG] debug-file - Executing task :entry:default@GeneratePkgModuleJson
[2026-06-23T17:21:16.605] [DEBUG] debug-file - File: 'E:\lezihuawei\target\entry\build\default\intermediates\preload\default\preload.json' from 'preloadSoJsonPath' is not exists, just ignore.
[2026-06-23T17:21:16.606] [DEBUG] debug-file - Error occurs while handling @Input 'shouldDeduplicateHar': The "data" argument must be of type string or an instance of Buffer, TypedArray, or DataView. Received undefined
[2026-06-23T17:21:16.606] [DEBUG] debug-file - Task 'entry:default@GeneratePkgModuleJson' cost while wrapping incremental declarations: 2 ms 
[2026-06-23T17:21:16.608] [DEBUG] debug-file - Incremental task entry:default@GeneratePkgModuleJson pre-execution cost: 2 ms .
[2026-06-23T17:21:16.608] [DEBUG] debug-file - entry : default@GeneratePkgModuleJson cost memory 0.107025146484375
[2026-06-23T17:21:16.609] [INFO] debug-file - UP-TO-DATE :entry:default@GeneratePkgModuleJson...  
[2026-06-23T17:21:16.610] [DEBUG] debug-file - Executing task :entry:default@ProcessCompiledResources
[2026-06-23T17:21:16.610] [DEBUG] debug-file - File: 'E:\lezihuawei\target\entry\build\default\intermediates\preload\default\preload.json' from 'preloadSoJsonPath' is not exists, just ignore.
[2026-06-23T17:21:16.611] [DEBUG] debug-file - Task 'entry:default@ProcessCompiledResources' cost while wrapping incremental declarations: 1 ms 
[2026-06-23T17:21:16.611] [DEBUG] debug-file - entry : default@ProcessCompiledResources cost memory 0.05652618408203125
[2026-06-23T17:21:16.611] [DEBUG] debug-file - runTaskFromQueue task cost before running: 3 s 293 ms 
[2026-06-23T17:21:16.611] [INFO] debug-file - Finished :entry:default@ProcessCompiledResources... after 1 ms 
[2026-06-23T17:21:16.615] [DEBUG] debug-file - Executing task :entry:default@PackageHap
[2026-06-23T17:21:16.627] [DEBUG] debug-file - entry:default@PackageHap is not up-to-date, since the input file 'E:\lezihuawei\target\entry\build\default\intermediates\loader_out\default\ets' has been changed.
[2026-06-23T17:21:16.627] [DEBUG] debug-file - Incremental task entry:default@PackageHap pre-execution cost: 11 ms .
[2026-06-23T17:21:16.630] [DEBUG] debug-file - Use tool [E:\DevEco Studio\sdk\default\openharmony\toolchains\lib\app_packing_tool.jar]
 [
  'java',
  '-Dfile.encoding=GBK',
  '-jar',
  'E:\\DevEco Studio\\sdk\\default\\openharmony\\toolchains\\lib\\app_packing_tool.jar',
  '--mode',
  'hap',
  '--force',
  'true',
  '--lib-path',
  'E:\\lezihuawei\\target\\entry\\build\\default\\intermediates\\stripped_native_libs\\default',
  '--json-path',
  'E:\\lezihuawei\\target\\entry\\build\\default\\intermediates\\package\\default\\module.json',
  '--resources-path',
  'E:\\lezihuawei\\target\\entry\\build\\default\\intermediates\\res\\default\\resources',
  '--index-path',
  'E:\\lezihuawei\\target\\entry\\build\\default\\intermediates\\res\\default\\resources.index',
  '--pack-info-path',
  'E:\\lezihuawei\\target\\entry\\build\\default\\outputs\\default\\pack.info',
  '--out-path',
  'E:\\lezihuawei\\target\\entry\\build\\default\\outputs\\default\\entry-default-unsigned.hap',
  '--ets-path',
  'E:\\lezihuawei\\target\\entry\\build\\default\\intermediates\\loader_out\\default\\ets'
]
[2026-06-23T17:21:17.377] [DEBUG] debug-file - java daemon socket received message:{"code":0,"message":"pack success"}
[2026-06-23T17:21:17.386] [DEBUG] debug-file - entry : default@PackageHap cost memory 0.6940155029296875
[2026-06-23T17:21:17.386] [DEBUG] debug-file - runTaskFromQueue task cost before running: 4 s 68 ms 
[2026-06-23T17:21:17.388] [INFO] debug-file - Finished :entry:default@PackageHap... after 772 ms 
[2026-06-23T17:21:17.391] [DEBUG] debug-file - Executing task :entry:default@PackingCheck
[2026-06-23T17:21:17.400] [DEBUG] debug-file - entry : default@PackingCheck cost memory 0.28069305419921875
[2026-06-23T17:21:17.400] [DEBUG] debug-file - runTaskFromQueue task cost before running: 4 s 82 ms 
[2026-06-23T17:21:17.401] [INFO] debug-file - Finished :entry:default@PackingCheck... after 10 ms 
[2026-06-23T17:21:17.403] [DEBUG] debug-file - Executing task :entry:default@SignHap
[2026-06-23T17:21:17.407] [DEBUG] debug-file - entry:default@SignHap is not up-to-date, since the input file 'E:\lezihuawei\target\entry\build\default\outputs\default\entry-default-unsigned.hap' has been changed.
[2026-06-23T17:21:17.407] [DEBUG] debug-file - Incremental task entry:default@SignHap pre-execution cost: 3 ms .
[2026-06-23T17:21:17.504] [DEBUG] debug-file - java daemon socket close code:1000 reason:close by user
[2026-06-23T17:21:18.717] [DEBUG] debug-file - java daemon socket received message:{"code":0,"message":"verify profile success"}
[2026-06-23T17:21:18.731] [DEBUG] debug-file - java daemon socket close code:1000 reason:close by user
[2026-06-23T17:21:19.191] [DEBUG] debug-file - java daemon socket received message:{"code":0,"message":"sign app success"}
[2026-06-23T17:21:19.193] [DEBUG] debug-file - entry : default@SignHap cost memory 0.60198974609375
[2026-06-23T17:21:19.194] [DEBUG] debug-file - runTaskFromQueue task cost before running: 5 s 874 ms 
[2026-06-23T17:21:19.196] [INFO] debug-file - Finished :entry:default@SignHap... after 1 s 790 ms 
[2026-06-23T17:21:19.198] [DEBUG] debug-file - Executing task :entry:default@CollectDebugSymbol
[2026-06-23T17:21:19.200] [DEBUG] debug-file - entry : default@CollectDebugSymbol cost memory 0.0823516845703125
[2026-06-23T17:21:19.200] [DEBUG] debug-file - runTaskFromQueue task cost before running: 5 s 881 ms 
[2026-06-23T17:21:19.200] [INFO] debug-file - Finished :entry:default@CollectDebugSymbol... after 3 ms 
[2026-06-23T17:21:19.200] [DEBUG] debug-file - Executing task :entry:assembleHap
[2026-06-23T17:21:19.201] [DEBUG] debug-file - entry : assembleHap cost memory 0.012725830078125
[2026-06-23T17:21:19.201] [DEBUG] debug-file - runTaskFromQueue task cost before running: 5 s 882 ms 
[2026-06-23T17:21:19.201] [INFO] debug-file - Finished :entry:assembleHap... after 1 ms 
[2026-06-23T17:21:19.218] [INFO] debug-file - BUILD SUCCESSFUL in 5 s 899 ms 
[2026-06-23T17:21:19.218] [DEBUG] debug-file - There is no need to refresh cache, since the incremental task entry:default@PreBuild is up-to-date.
[2026-06-23T17:21:19.218] [DEBUG] debug-file - Update task entry:default@CreateModuleInfo output file:E:\lezihuawei\target\entry\build\default\generated\profile\default\ModuleInfo.ts cache.
[2026-06-23T17:21:19.219] [DEBUG] debug-file - Incremental task entry:default@CreateModuleInfo post-execution cost:1 ms .
[2026-06-23T17:21:19.219] [DEBUG] debug-file - There is no need to refresh cache, since the incremental task entry:default@GenerateMetadata is up-to-date.
[2026-06-23T17:21:19.219] [DEBUG] debug-file - There is no need to refresh cache, since the incremental task entry:default@MergeProfile is up-to-date.
[2026-06-23T17:21:19.219] [DEBUG] debug-file - There is no need to refresh cache, since the incremental task entry:default@CreateBuildProfile is up-to-date.
[2026-06-23T17:21:19.219] [DEBUG] debug-file - Update task entry:default@GeneratePkgContextInfo output file:E:\lezihuawei\target\entry\build\default\intermediates\loader\default\pkgContextInfo.json cache.
[2026-06-23T17:21:19.219] [DEBUG] debug-file - Incremental task entry:default@GeneratePkgContextInfo post-execution cost:1 ms .
[2026-06-23T17:21:19.219] [DEBUG] debug-file - Update task entry:default@ProcessIntegratedHsp output file:E:\lezihuawei\target\build\cache\default\integrated_hsp\integratedHspCache.json cache.
[2026-06-23T17:21:19.219] [DEBUG] debug-file - Incremental task entry:default@ProcessIntegratedHsp post-execution cost:1 ms .
[2026-06-23T17:21:19.219] [DEBUG] debug-file - There is no need to refresh cache, since the incremental task entry:default@MakePackInfo is up-to-date.
[2026-06-23T17:21:19.219] [DEBUG] debug-file - Update task entry:default@SyscapTransform input file:E:\DevEco Studio\sdk\default\openharmony\toolchains\syscap_tool.exe cache by regenerate.
[2026-06-23T17:21:19.220] [DEBUG] debug-file - Update task entry:default@SyscapTransform input file:E:\DevEco Studio\sdk\default\openharmony\ets\api\device-define cache by regenerate.
[2026-06-23T17:21:19.221] [DEBUG] debug-file - Update task entry:default@SyscapTransform output file:E:\lezihuawei\target\entry\build\default\intermediates\syscap\default\rpcid.sc cache.
[2026-06-23T17:21:19.221] [DEBUG] debug-file - Incremental task entry:default@SyscapTransform post-execution cost:2 ms .
[2026-06-23T17:21:19.221] [DEBUG] debug-file - There is no need to refresh cache, since the incremental task entry:default@ProcessProfile is up-to-date.
[2026-06-23T17:21:19.221] [DEBUG] debug-file - There is no need to refresh cache, since the incremental task entry:default@ProcessRouterMap is up-to-date.
[2026-06-23T17:21:19.221] [DEBUG] debug-file - There is no need to refresh cache, since the incremental task entry:default@ProcessShareConfig is up-to-date.
[2026-06-23T17:21:19.222] [DEBUG] debug-file - Update task entry:default@ProcessStartupConfig output file:E:\lezihuawei\target\entry\build\default\intermediates\startup\default\startup_config.json cache.
[2026-06-23T17:21:19.222] [DEBUG] debug-file - Incremental task entry:default@ProcessStartupConfig post-execution cost:1 ms .
[2026-06-23T17:21:19.222] [DEBUG] debug-file - There is no need to refresh cache, since the incremental task entry:default@ProcessResource is up-to-date.
[2026-06-23T17:21:19.222] [DEBUG] debug-file - There is no need to refresh cache, since the incremental task entry:default@GenerateLoaderJson is up-to-date.
[2026-06-23T17:21:19.222] [DEBUG] debug-file - There is no need to refresh cache, since the incremental task entry:default@ProcessLibs is up-to-date.
[2026-06-23T17:21:19.222] [DEBUG] debug-file - There is no need to refresh cache, since the incremental task entry:default@CompileResource is up-to-date.
[2026-06-23T17:21:19.222] [DEBUG] debug-file - There is no need to refresh cache, since the incremental task entry:default@DoNativeStrip is up-to-date.
[2026-06-23T17:21:19.225] [DEBUG] debug-file - Update task entry:default@CompileArkTS input file:E:\lezihuawei\target\entry\build\default\intermediates\loader\default cache by regenerate.
[2026-06-23T17:21:19.226] [DEBUG] debug-file - Update task entry:default@CompileArkTS input file:E:\lezihuawei\target\entry\build\default\intermediates\res\default\ResourceTable.txt cache by regenerate.
[2026-06-23T17:21:19.226] [DEBUG] debug-file - Update task entry:default@CompileArkTS input file:E:\lezihuawei\target\entry\build\default\intermediates\res\default\ark_module.json cache by regenerate.
[2026-06-23T17:21:19.227] [DEBUG] debug-file - Update task entry:default@CompileArkTS input file:E:\lezihuawei\target\entry\build\default\intermediates\res\default\resources\base\profile cache by regenerate.
[2026-06-23T17:21:19.228] [DEBUG] debug-file - Update task entry:default@CompileArkTS input file:E:\lezihuawei\target\entry\src\main\ets cache by regenerate.
[2026-06-23T17:21:19.235] [DEBUG] debug-file - Update task entry:default@CompileArkTS input file:E:\lezihuawei\target\entry\build\default\generated\profile\default\BuildProfile.ets cache by regenerate.
[2026-06-23T17:21:19.235] [DEBUG] debug-file - Update task entry:default@CompileArkTS output file:E:\lezihuawei\target\entry\build\default\intermediates\loader_out\default\ets cache.
[2026-06-23T17:21:19.237] [DEBUG] debug-file - Incremental task entry:default@CompileArkTS post-execution cost:15 ms .
[2026-06-23T17:21:19.238] [DEBUG] debug-file - Update task entry:default@BuildJS input file:E:\lezihuawei\target\entry\build\default\intermediates\loader\default cache by regenerate.
[2026-06-23T17:21:19.239] [DEBUG] debug-file - Update task entry:default@BuildJS input file:E:\lezihuawei\target\entry\build\default\intermediates\res\default\ResourceTable.txt cache by regenerate.
[2026-06-23T17:21:19.240] [DEBUG] debug-file - Update task entry:default@BuildJS input file:E:\lezihuawei\target\entry\build\default\intermediates\res\default\ark_module.json cache by regenerate.
[2026-06-23T17:21:19.240] [DEBUG] debug-file - Update task entry:default@BuildJS input file:E:\lezihuawei\target\entry\build\default\intermediates\res\default\resources\base\profile cache by regenerate.
[2026-06-23T17:21:19.241] [DEBUG] debug-file - Update task entry:default@BuildJS output file:E:\lezihuawei\target\entry\build\default\intermediates\loader_out\default\js cache.
[2026-06-23T17:21:19.242] [DEBUG] debug-file - Incremental task entry:default@BuildJS post-execution cost:6 ms .
[2026-06-23T17:21:19.242] [DEBUG] debug-file - There is no need to refresh cache, since the incremental task entry:default@CacheNativeLibs is up-to-date.
[2026-06-23T17:21:19.242] [DEBUG] debug-file - There is no need to refresh cache, since the incremental task entry:default@GeneratePkgModuleJson is up-to-date.
[2026-06-23T17:21:19.242] [DEBUG] debug-file - Incremental task entry:default@ProcessCompiledResources post-execution cost:1 ms .
[2026-06-23T17:21:19.243] [DEBUG] debug-file - Update task entry:default@PackageHap input file:E:\lezihuawei\target\entry\build\default\intermediates\stripped_native_libs\default cache by regenerate.
[2026-06-23T17:21:19.244] [DEBUG] debug-file - Update task entry:default@PackageHap input file:E:\lezihuawei\target\entry\build\default\intermediates\res\default\module.json cache by regenerate.
[2026-06-23T17:21:19.244] [DEBUG] debug-file - Update task entry:default@PackageHap input file:E:\lezihuawei\target\entry\build\default\intermediates\res\default\resources cache by regenerate.
[2026-06-23T17:21:19.248] [DEBUG] debug-file - Update task entry:default@PackageHap input file:E:\lezihuawei\target\entry\build\default\intermediates\res\default\resources.index cache by regenerate.
[2026-06-23T17:21:19.248] [DEBUG] debug-file - Update task entry:default@PackageHap input file:E:\lezihuawei\target\entry\build\default\outputs\default\pack.info cache by regenerate.
[2026-06-23T17:21:19.249] [DEBUG] debug-file - Update task entry:default@PackageHap input file:E:\lezihuawei\target\entry\build\default\intermediates\loader_out\default\ets cache from map.
[2026-06-23T17:21:19.249] [DEBUG] debug-file - Update task entry:default@PackageHap input file:E:\lezihuawei\target\entry\build\default\intermediates\loader_out\default\ets\sourceMaps.map cache by regenerate.
[2026-06-23T17:21:19.249] [DEBUG] debug-file - Update task entry:default@PackageHap input file:E:\lezihuawei\target\entry\build\default\generated\profile\default\BuildProfile.ets cache by regenerate.
[2026-06-23T17:21:19.250] [DEBUG] debug-file - Update task entry:default@PackageHap output file:E:\lezihuawei\target\entry\build\default\outputs\default\entry-default-unsigned.hap cache.
[2026-06-23T17:21:19.250] [DEBUG] debug-file - Update task entry:default@PackageHap output file:E:\lezihuawei\target\entry\build\default\intermediates\source_map\default\sourceMaps.map cache.
[2026-06-23T17:21:19.251] [DEBUG] debug-file - Update task entry:default@PackageHap output file:E:\lezihuawei\target\entry\build\default\outputs\default\mapping\sourceMaps.map cache.
[2026-06-23T17:21:19.251] [DEBUG] debug-file - Incremental task entry:default@PackageHap post-execution cost:9 ms .
[2026-06-23T17:21:19.254] [DEBUG] debug-file - Update task entry:default@SignHap input file:C:\Users\29533\.ohos\config\default_target_BYPSP_PDcOBQOymArOWAFCLsPbKInZqFf7QM2ofA0Hg=.cer cache by regenerate.
[2026-06-23T17:21:19.254] [DEBUG] debug-file - Update task entry:default@SignHap input file:C:\Users\29533\.ohos\config\default_target_BYPSP_PDcOBQOymArOWAFCLsPbKInZqFf7QM2ofA0Hg=.p7b cache by regenerate.
[2026-06-23T17:21:19.254] [DEBUG] debug-file - Update task entry:default@SignHap input file:C:\Users\29533\.ohos\config\default_target_BYPSP_PDcOBQOymArOWAFCLsPbKInZqFf7QM2ofA0Hg=.p12 cache by regenerate.
[2026-06-23T17:21:19.255] [DEBUG] debug-file - Update task entry:default@SignHap input file:E:\lezihuawei\target\entry\build\default\outputs\default\entry-default-unsigned.hap cache from map.
[2026-06-23T17:21:19.255] [DEBUG] debug-file - Update task entry:default@SignHap output file:E:\lezihuawei\target\entry\build\default\outputs\default\entry-default-signed.hap cache.
[2026-06-23T17:21:19.256] [DEBUG] debug-file - Incremental task entry:default@SignHap post-execution cost:5 ms .
[2026-06-23T17:21:19.257] [DEBUG] debug-file - Update task entry:default@CollectDebugSymbol input file:E:\lezihuawei\target\entry\build\default\intermediates\loader_out\default\ets\sourceMaps.map cache by regenerate.
[2026-06-23T17:21:19.257] [DEBUG] debug-file - Update task entry:default@CollectDebugSymbol input file:E:\lezihuawei\target\entry\build\default\intermediates\libs\default cache by regenerate.
[2026-06-23T17:21:19.258] [DEBUG] debug-file - Update task entry:default@CollectDebugSymbol output file:E:\lezihuawei\target\entry\build\default\outputs\default\symbol cache.
[2026-06-23T17:21:19.258] [DEBUG] debug-file - Incremental task entry:default@CollectDebugSymbol post-execution cost:3 ms .
[2026-06-23T17:21:19.301] [DEBUG] debug-file - Cleanup worker 18.
[2026-06-23T17:21:19.301] [DEBUG] debug-file - Worker 18 has been cleaned up.
[2026-06-23T17:21:19.301] [DEBUG] debug-file - Current idle worker size: 1.
[2026-06-23T17:21:19.302] [DEBUG] debug-file - Current resident worker size: 2.
[2026-06-23T17:21:19.303] [DEBUG] debug-file - hvigor build process will be closed.
[2026-06-23T17:21:19.304] [DEBUG] debug-file - java daemon socket close code:1000 reason:close by user
[2026-06-23T17:21:19.313] [DEBUG] debug-file - session manager: send message to worker process.
[2026-06-23T17:21:19.313] [DEBUG] debug-file - session manager: send message to worker process.
[2026-06-23T17:21:19.313] [DEBUG] debug-file - watch worker: worker id should be larger than 0. Nothing will be sent to any worker thread.
[2026-06-23T17:21:19.314] [DEBUG] debug-file - watch worker: worker id should be larger than 0. Nothing will be sent to any worker thread.
[2026-06-23T17:21:19.318] [DEBUG] debug-file - worker[18] exits with exit code 1.
[2026-06-23T17:46:16.449] [DEBUG] debug-file - session manager: set active socket. socketId=6l516Wn1ZUTvwxWUAAAH
[2026-06-23T17:46:16.477] [DEBUG] debug-file - watch worker: worker id should be larger than 0. Nothing will be sent to any worker thread.
[2026-06-23T17:46:16.481] [DEBUG] debug-file - Workers' log level updated to INFO
[2026-06-23T17:46:16.486] [DEBUG] debug-file - Hvigor init with startParameters:{
  hvigorfileTypeCheck: false,
  parallelExecution: true,
  incrementalExecution: true,
  printStackTrace: false,
  daemon: true,
  analyze: 0,
  logLevel: Level { level: 20000, levelStr: 'INFO', colour: 'green' },
  optimizationStrategy: 'memory',
  hotCompile: undefined,
  hotReloadBuild: undefined,
  customizedParam: undefined
}
[2026-06-23T17:46:16.489] [DEBUG] debug-file - Cache service initialization finished in 3 ms 
[2026-06-23T17:46:16.491] [DEBUG] debug-file - hvigorfile, resolving E:\lezihuawei\target\hvigorfile.ts
[2026-06-23T17:46:16.497] [DEBUG] debug-file - hvigorfile, require result:  {}
[2026-06-23T17:46:16.497] [DEBUG] debug-file - hvigorfile, binding system plugins {}
[2026-06-23T17:46:16.497] [DEBUG] debug-file - Starting plugin build process
[2026-06-23T17:46:16.497] [DEBUG] debug-file - App plugin prepare start...
[2026-06-23T17:46:16.498] [DEBUG] debug-file - App plugin prepare end...
[2026-06-23T17:46:16.498] [DEBUG] debug-file - App plugin creating...
[2026-06-23T17:46:16.503] [DEBUG] debug-file - App plugin register hook start...
[2026-06-23T17:46:16.504] [DEBUG] debug-file - App plugin register hook end...
[2026-06-23T17:46:16.504] [DEBUG] debug-file - Plugin build process completed
[2026-06-23T17:46:16.504] [DEBUG] debug-file - Start initialize project's product build option map with build mode debug.
[2026-06-23T17:46:16.504] [DEBUG] debug-file - Picking option from product 'default' with build mode 'debug'.
[2026-06-23T17:46:16.504] [DEBUG] debug-file - Product 'default' build option initialized
[2026-06-23T17:46:16.504] [DEBUG] debug-file - End initialize project's product build option map with build mode 'debug'.
[2026-06-23T17:46:16.505] [DEBUG] debug-file - Obtain build option for product 'default'in this build.
[2026-06-23T17:46:16.506] [DEBUG] debug-file - E:\lezihuawei\target\build\cache\default\remote_hsp\remoteHspCache.json not exists.
[2026-06-23T17:46:16.509] [DEBUG] debug-file - Start recording SDK configuration permission data.
[2026-06-23T17:46:16.536] [DEBUG] debug-file - Sdk init in 30 ms 
[2026-06-23T17:46:16.542] [DEBUG] debug-file - Project task initialization takes 6 ms 
[2026-06-23T17:46:16.542] [DEBUG] debug-file - hvigorfile, resolve finished E:\lezihuawei\target\hvigorfile.ts
[2026-06-23T17:46:16.543] [DEBUG] debug-file - hvigorfile, resolving E:\lezihuawei\target\entry\hvigorfile.ts
[2026-06-23T17:46:16.548] [DEBUG] debug-file - hvigorfile, require result:  {}
[2026-06-23T17:46:16.548] [DEBUG] debug-file - hvigorfile, binding system plugins {}
[2026-06-23T17:46:16.549] [DEBUG] debug-file - Starting plugin build process
[2026-06-23T17:46:16.549] [DEBUG] debug-file - Hap plugin creating...
[2026-06-23T17:46:16.550] [DEBUG] debug-file - failed to load cangjie to dynamically generate schemas: Error: Cannot find module '@ohos/cangjie-build-support/index'
Require stack:
- E:\DevEco Studio\tools\hvigor\hvigor-ohos-plugin\src\plugin\hooks\cangjie-register.js
- E:\DevEco Studio\tools\hvigor\hvigor-ohos-plugin\src\plugin\strategy\stage-init-strategy.js
- E:\DevEco Studio\tools\hvigor\hvigor-ohos-plugin\src\plugin\builder\abstract-plugin-builder.js
- E:\DevEco Studio\tools\hvigor\hvigor-ohos-plugin\src\plugin\builder\app-plugin-builder.js
- E:\DevEco Studio\tools\hvigor\hvigor-ohos-plugin\src\plugin\factory\plugin-factory.js
- E:\DevEco Studio\tools\hvigor\hvigor-ohos-plugin\index.js
- E:\lezihuawei\target\hvigorfile.ts
- E:\DevEco Studio\tools\hvigor\hvigor\src\base\internal\lifecycle\configuration.js
- E:\DevEco Studio\tools\hvigor\hvigor\src\base\boot\index.js
- E:\DevEco Studio\tools\hvigor\hvigor\src\base\daemon\cluster\worker-process-lifecycle.js
- E:\DevEco Studio\tools\hvigor\hvigor\src\base\daemon\process\daemon-process-boot-script.js
[2026-06-23T17:46:16.553] [DEBUG] debug-file - Start initialize module-target build option map, moduleName=entry, buildMode=debug
[2026-06-23T17:46:16.554] [DEBUG] debug-file - Target 'default' config initialized
[2026-06-23T17:46:16.554] [DEBUG] debug-file - Module 'entry' target 'default' build option initialized
[2026-06-23T17:46:16.554] [DEBUG] debug-file - End initialize module-target build option map, moduleName=entry
[2026-06-23T17:46:16.554] [DEBUG] debug-file - Start initialize module-target build option map, moduleName=entry, buildMode=release
[2026-06-23T17:46:16.554] [DEBUG] debug-file - Target 'default' config initialized
[2026-06-23T17:46:16.554] [DEBUG] debug-file - Module 'entry' target 'default' build option initialized
[2026-06-23T17:46:16.554] [DEBUG] debug-file - End initialize module-target build option map, moduleName=entry
[2026-06-23T17:46:16.555] [DEBUG] debug-file - Start initialize module-target build option map, moduleName=entry, buildMode=debug
[2026-06-23T17:46:16.555] [DEBUG] debug-file - Target 'default' config initialized
[2026-06-23T17:46:16.555] [DEBUG] debug-file - Module 'entry' target 'default' build option initialized
[2026-06-23T17:46:16.555] [DEBUG] debug-file - End initialize module-target build option map, moduleName=entry
[2026-06-23T17:46:16.555] [DEBUG] debug-file - Obtain build option for module 'entry' target 'default'in this build.
[2026-06-23T17:46:16.556] [DEBUG] debug-file - Module entry task initialization takes 1 ms 
[2026-06-23T17:46:16.556] [DEBUG] debug-file - Hap plugin register hook start...
[2026-06-23T17:46:16.556] [DEBUG] debug-file - Hap plugin register hook end...
[2026-06-23T17:46:16.556] [DEBUG] debug-file - Plugin build process completed
[2026-06-23T17:46:16.557] [DEBUG] debug-file - hvigorfile, resolve finished E:\lezihuawei\target\entry\hvigorfile.ts
[2026-06-23T17:46:16.595] [DEBUG] debug-file - hvigorfile, resolve hvigorfile dependencies in 39 ms 
[2026-06-23T17:46:16.596] [DEBUG] debug-file - project has submodules:entry
[2026-06-23T17:46:16.598] [DEBUG] debug-file - start to load updatedOhPackageInfo to the disk
[2026-06-23T17:46:16.612] [DEBUG] debug-file - load to the disk finished
[2026-06-23T17:46:16.613] [DEBUG] debug-file - Start to initialize dependency information.
[2026-06-23T17:46:16.614] [DEBUG] debug-file - Module target Collected Dependency: 
[2026-06-23T17:46:16.614] [DEBUG] debug-file - Module target's total dependency: 0
[2026-06-23T17:46:16.615] [DEBUG] debug-file - Start to initialize dependency information.
[2026-06-23T17:46:16.616] [DEBUG] debug-file - Module entry Collected Dependency: 
[2026-06-23T17:46:16.616] [DEBUG] debug-file - Module entry's total dependency: 0
[2026-06-23T17:46:16.618] [DEBUG] debug-file - Configuration phase cost:130 ms 
[2026-06-23T17:46:16.619] [DEBUG] debug-file - Configuration task cost before running: 138 ms 
[2026-06-23T17:46:16.626] [DEBUG] debug-file - Executing task :entry:default@PreBuild
[2026-06-23T17:46:16.627] [DEBUG] debug-file - Task 'entry:default@PreBuild' cost while wrapping incremental declarations: 1 ms 
[2026-06-23T17:46:16.638] [DEBUG] debug-file - entry:default@PreBuild is not up-to-date, since the task snapshots are different.
[2026-06-23T17:46:16.638] [DEBUG] debug-file - Incremental task entry:default@PreBuild pre-execution cost: 10 ms .
[2026-06-23T17:46:17.084] [DEBUG] debug-file - current product is not Atomic service.
[2026-06-23T17:46:17.085] [DEBUG] debug-file - Use tool [win32: JAVA_HOME, CLASSPATH]
 [ { JAVA_HOME: 'E:\\DevEco Studio\\jbr' }, { CLASSPATH: undefined } ]
[2026-06-23T17:46:17.085] [DEBUG] debug-file - Use tool [win32: NODE_HOME]
 [ { NODE_HOME: 'E:\\DevEco Studio\\tools\\node' } ]
[2026-06-23T17:46:17.087] [DEBUG] debug-file - entry : default@PreBuild cost memory 13.002861022949219
[2026-06-23T17:46:17.087] [DEBUG] debug-file - runTaskFromQueue task cost before running: 606 ms 
[2026-06-23T17:46:17.091] [INFO] debug-file - Finished :entry:default@PreBuild... after 462 ms 
[2026-06-23T17:46:17.092] [DEBUG] debug-file - Executing task :entry:default@CreateModuleInfo
[2026-06-23T17:46:17.092] [DEBUG] debug-file - Task 'entry:default@CreateModuleInfo' cost while wrapping incremental declarations: 1 ms 
[2026-06-23T17:46:17.093] [DEBUG] debug-file - entry : default@CreateModuleInfo cost memory 0.0416107177734375
[2026-06-23T17:46:17.093] [DEBUG] debug-file - runTaskFromQueue task cost before running: 612 ms 
[2026-06-23T17:46:17.093] [INFO] debug-file - Finished :entry:default@CreateModuleInfo... after 1 ms 
[2026-06-23T17:46:17.099] [DEBUG] debug-file - Executing task :entry:default@GenerateMetadata
[2026-06-23T17:46:17.100] [DEBUG] debug-file - Task 'entry:default@GenerateMetadata' cost while wrapping incremental declarations: 1 ms 
[2026-06-23T17:46:17.102] [DEBUG] debug-file - Incremental task entry:default@GenerateMetadata pre-execution cost: 2 ms .
[2026-06-23T17:46:17.102] [DEBUG] debug-file - entry : default@GenerateMetadata cost memory 0.0879669189453125
[2026-06-23T17:46:17.102] [INFO] debug-file - UP-TO-DATE :entry:default@GenerateMetadata...  
[2026-06-23T17:46:17.104] [DEBUG] debug-file - Executing task :entry:default@ConfigureCmake
[2026-06-23T17:46:17.104] [DEBUG] debug-file - entry : default@ConfigureCmake cost memory 0.01457977294921875
[2026-06-23T17:46:17.104] [DEBUG] debug-file - runTaskFromQueue task cost before running: 624 ms 
[2026-06-23T17:46:17.105] [INFO] debug-file - Finished :entry:default@ConfigureCmake... after 1 ms 
[2026-06-23T17:46:17.106] [DEBUG] debug-file - Executing task :entry:default@MergeProfile
[2026-06-23T17:46:17.106] [DEBUG] debug-file - Task 'entry:default@MergeProfile' cost while wrapping incremental declarations: 1 ms 
[2026-06-23T17:46:17.110] [DEBUG] debug-file - Incremental task entry:default@MergeProfile pre-execution cost: 4 ms .
[2026-06-23T17:46:17.111] [DEBUG] debug-file - entry : default@MergeProfile cost memory 0.12619781494140625
[2026-06-23T17:46:17.111] [INFO] debug-file - UP-TO-DATE :entry:default@MergeProfile...  
[2026-06-23T17:46:17.113] [DEBUG] debug-file - Executing task :entry:default@CreateBuildProfile
[2026-06-23T17:46:17.113] [DEBUG] debug-file - Task 'entry:default@CreateBuildProfile' cost while wrapping incremental declarations: 1 ms 
[2026-06-23T17:46:17.115] [DEBUG] debug-file - Incremental task entry:default@CreateBuildProfile pre-execution cost: 2 ms .
[2026-06-23T17:46:17.116] [DEBUG] debug-file - entry : default@CreateBuildProfile cost memory 0.09195709228515625
[2026-06-23T17:46:17.116] [INFO] debug-file - UP-TO-DATE :entry:default@CreateBuildProfile...  
[2026-06-23T17:46:17.117] [DEBUG] debug-file - Executing task :entry:default@PreCheckSyscap
[2026-06-23T17:46:17.118] [DEBUG] debug-file - entry : default@PreCheckSyscap cost memory 0.01474761962890625
[2026-06-23T17:46:17.118] [DEBUG] debug-file - runTaskFromQueue task cost before running: 637 ms 
[2026-06-23T17:46:17.118] [INFO] debug-file - Finished :entry:default@PreCheckSyscap... after 1 ms 
[2026-06-23T17:46:17.120] [DEBUG] debug-file - Executing task :entry:default@GeneratePkgContextInfo
[2026-06-23T17:46:17.127] [DEBUG] debug-file - Task 'entry:default@GeneratePkgContextInfo' cost while wrapping incremental declarations: 1 ms 
[2026-06-23T17:46:17.127] [DEBUG] debug-file - entry : default@GeneratePkgContextInfo cost memory 0.1988983154296875
[2026-06-23T17:46:17.127] [DEBUG] debug-file - runTaskFromQueue task cost before running: 647 ms 
[2026-06-23T17:46:17.128] [INFO] debug-file - Finished :entry:default@GeneratePkgContextInfo... after 8 ms 
[2026-06-23T17:46:17.133] [DEBUG] debug-file - Executing task :entry:default@ProcessIntegratedHsp
[2026-06-23T17:46:17.134] [DEBUG] debug-file - entry:default@ProcessIntegratedHsp is not up-to-date, since the output file 'E:\lezihuawei\target\build\cache\default\integrated_hsp\integratedHspCache.json' does not exist.
[2026-06-23T17:46:17.134] [DEBUG] debug-file - Incremental task entry:default@ProcessIntegratedHsp pre-execution cost: 1 ms .
[2026-06-23T17:46:17.134] [DEBUG] debug-file - entry : default@ProcessIntegratedHsp cost memory 0.0544586181640625
[2026-06-23T17:46:17.134] [DEBUG] debug-file - runTaskFromQueue task cost before running: 653 ms 
[2026-06-23T17:46:17.134] [INFO] debug-file - Finished :entry:default@ProcessIntegratedHsp... after 1 ms 
[2026-06-23T17:46:17.136] [DEBUG] debug-file - Executing task :entry:default@BuildNativeWithCmake
[2026-06-23T17:46:17.137] [DEBUG] debug-file - entry : default@BuildNativeWithCmake cost memory 0.0145263671875
[2026-06-23T17:46:17.137] [DEBUG] debug-file - runTaskFromQueue task cost before running: 656 ms 
[2026-06-23T17:46:17.137] [INFO] debug-file - Finished :entry:default@BuildNativeWithCmake... after 1 ms 
[2026-06-23T17:46:17.139] [DEBUG] debug-file - Executing task :entry:default@MakePackInfo
[2026-06-23T17:46:17.143] [DEBUG] debug-file - Incremental task entry:default@MakePackInfo pre-execution cost: 4 ms .
[2026-06-23T17:46:17.143] [DEBUG] debug-file - entry : default@MakePackInfo cost memory 0.10347747802734375
[2026-06-23T17:46:17.144] [INFO] debug-file - UP-TO-DATE :entry:default@MakePackInfo...  
[2026-06-23T17:46:17.146] [DEBUG] debug-file - Executing task :entry:default@SyscapTransform
[2026-06-23T17:46:17.146] [DEBUG] debug-file - File: 'E:\lezihuawei\target\entry\src\main\syscap.json' from 'sysCapJsonPath' is not exists, just ignore.
[2026-06-23T17:46:17.147] [DEBUG] debug-file - Task 'entry:default@SyscapTransform' cost while wrapping incremental declarations: 2 ms 
[2026-06-23T17:46:17.152] [DEBUG] debug-file - entry:default@SyscapTransform is not up-to-date, since the output file 'E:\lezihuawei\target\entry\build\default\intermediates\syscap\default\rpcid.sc' does not exist.
[2026-06-23T17:46:17.152] [DEBUG] debug-file - Incremental task entry:default@SyscapTransform pre-execution cost: 5 ms .
[2026-06-23T17:46:17.152] [DEBUG] debug-file - entry : default@SyscapTransform cost memory 0.1502227783203125
[2026-06-23T17:46:17.152] [DEBUG] debug-file - runTaskFromQueue task cost before running: 672 ms 
[2026-06-23T17:46:17.153] [INFO] debug-file - Finished :entry:default@SyscapTransform... after 7 ms 
[2026-06-23T17:46:17.154] [DEBUG] debug-file - Executing task :entry:default@ProcessProfile
[2026-06-23T17:46:17.156] [DEBUG] debug-file - Task 'entry:default@ProcessProfile' cost while wrapping incremental declarations: 1 ms 
[2026-06-23T17:46:17.158] [DEBUG] debug-file - Incremental task entry:default@ProcessProfile pre-execution cost: 2 ms .
[2026-06-23T17:46:17.159] [DEBUG] debug-file - entry : default@ProcessProfile cost memory 0.134552001953125
[2026-06-23T17:46:17.159] [INFO] debug-file - UP-TO-DATE :entry:default@ProcessProfile...  
[2026-06-23T17:46:17.161] [DEBUG] debug-file - Executing task :entry:default@ProcessRouterMap
[2026-06-23T17:46:17.165] [DEBUG] debug-file - Incremental task entry:default@ProcessRouterMap pre-execution cost: 4 ms .
[2026-06-23T17:46:17.165] [DEBUG] debug-file - entry : default@ProcessRouterMap cost memory 0.1262054443359375
[2026-06-23T17:46:17.166] [INFO] debug-file - UP-TO-DATE :entry:default@ProcessRouterMap...  
[2026-06-23T17:46:17.169] [DEBUG] debug-file - Executing task :entry:default@ProcessShareConfig
[2026-06-23T17:46:17.173] [DEBUG] debug-file - Incremental task entry:default@ProcessShareConfig pre-execution cost: 4 ms .
[2026-06-23T17:46:17.173] [DEBUG] debug-file - entry : default@ProcessShareConfig cost memory 0.10355377197265625
[2026-06-23T17:46:17.174] [INFO] debug-file - UP-TO-DATE :entry:default@ProcessShareConfig...  
[2026-06-23T17:46:17.176] [DEBUG] debug-file - Executing task :entry:default@ProcessStartupConfig
[2026-06-23T17:46:17.177] [DEBUG] debug-file - Task 'entry:default@ProcessStartupConfig' cost while wrapping incremental declarations: 1 ms 
[2026-06-23T17:46:17.177] [DEBUG] debug-file - entry:default@ProcessStartupConfig is not up-to-date, since the output file 'E:\lezihuawei\target\entry\build\default\intermediates\startup\default\startup_config.json' does not exist.
[2026-06-23T17:46:17.177] [DEBUG] debug-file - Incremental task entry:default@ProcessStartupConfig pre-execution cost: 1 ms .
[2026-06-23T17:46:17.178] [DEBUG] debug-file - entry : default@ProcessStartupConfig cost memory 0.08929443359375
[2026-06-23T17:46:17.178] [DEBUG] debug-file - runTaskFromQueue task cost before running: 697 ms 
[2026-06-23T17:46:17.178] [INFO] debug-file - Finished :entry:default@ProcessStartupConfig... after 2 ms 
[2026-06-23T17:46:17.181] [DEBUG] debug-file - Executing task :entry:default@BuildNativeWithNinja
[2026-06-23T17:46:17.182] [DEBUG] debug-file - entry : default@BuildNativeWithNinja cost memory 0.02008056640625
[2026-06-23T17:46:17.182] [DEBUG] debug-file - runTaskFromQueue task cost before running: 701 ms 
[2026-06-23T17:46:17.182] [INFO] debug-file - Finished :entry:default@BuildNativeWithNinja... after 1 ms 
[2026-06-23T17:46:17.185] [DEBUG] debug-file - restool module names: entry; moduleName=entry, taskName=default@ProcessResource
[2026-06-23T17:46:17.188] [DEBUG] debug-file - Executing task :entry:default@ProcessResource
[2026-06-23T17:46:17.188] [DEBUG] debug-file - Task 'entry:default@ProcessResource' cost while wrapping incremental declarations: 1 ms 
[2026-06-23T17:46:17.191] [DEBUG] debug-file - Incremental task entry:default@ProcessResource pre-execution cost: 2 ms .
[2026-06-23T17:46:17.191] [DEBUG] debug-file - entry : default@ProcessResource cost memory 0.1260833740234375
[2026-06-23T17:46:17.194] [INFO] debug-file - UP-TO-DATE :entry:default@ProcessResource...  
[2026-06-23T17:46:17.197] [DEBUG] debug-file - Executing task :entry:default@GenerateLoaderJson
[2026-06-23T17:46:17.197] [DEBUG] debug-file - Task 'entry:default@GenerateLoaderJson' cost while wrapping incremental declarations: 1 ms 
[2026-06-23T17:46:17.211] [DEBUG] debug-file - Incremental task entry:default@GenerateLoaderJson pre-execution cost: 8 ms .
[2026-06-23T17:46:17.211] [DEBUG] debug-file - entry : default@GenerateLoaderJson cost memory 0.4353790283203125
[2026-06-23T17:46:17.216] [INFO] debug-file - UP-TO-DATE :entry:default@GenerateLoaderJson...  
[2026-06-23T17:46:17.218] [DEBUG] debug-file - Executing task :entry:default@ProcessLibs
[2026-06-23T17:46:17.223] [DEBUG] debug-file - Incremental task entry:default@ProcessLibs pre-execution cost: 3 ms .
[2026-06-23T17:46:17.223] [DEBUG] debug-file - entry : default@ProcessLibs cost memory 0.09918975830078125
[2026-06-23T17:46:17.224] [INFO] debug-file - UP-TO-DATE :entry:default@ProcessLibs...  
[2026-06-23T17:46:17.226] [DEBUG] debug-file - restool module names: entry; moduleName=entry, taskName=default@CompileResource
[2026-06-23T17:46:17.232] [DEBUG] debug-file - Executing task :entry:default@CompileResource
[2026-06-23T17:46:17.258] [DEBUG] debug-file - Incremental task entry:default@CompileResource pre-execution cost: 25 ms .
[2026-06-23T17:46:17.259] [DEBUG] debug-file - entry : default@CompileResource cost memory 0.5243072509765625
[2026-06-23T17:46:17.261] [INFO] debug-file - UP-TO-DATE :entry:default@CompileResource...  
[2026-06-23T17:46:17.263] [DEBUG] debug-file - Executing task :entry:default@DoNativeStrip
[2026-06-23T17:46:17.264] [DEBUG] debug-file - Task 'entry:default@DoNativeStrip' cost while wrapping incremental declarations: 1 ms 
[2026-06-23T17:46:17.266] [DEBUG] debug-file - Incremental task entry:default@DoNativeStrip pre-execution cost: 3 ms .
[2026-06-23T17:46:17.267] [DEBUG] debug-file - entry : default@DoNativeStrip cost memory 0.07697296142578125
[2026-06-23T17:46:17.267] [INFO] debug-file - UP-TO-DATE :entry:default@DoNativeStrip...  
[2026-06-23T17:46:17.270] [DEBUG] debug-file - Executing task :entry:default@CompileArkTS
[2026-06-23T17:46:17.270] [DEBUG] debug-file - obfuscationOptions: undefined
[2026-06-23T17:46:17.272] [DEBUG] debug-file - Task 'entry:default@CompileArkTS' cost while wrapping incremental declarations: 1 ms 
[2026-06-23T17:46:17.294] [DEBUG] debug-file - Incremental task entry:default@CompileArkTS pre-execution cost: 19 ms .
[2026-06-23T17:46:17.294] [DEBUG] debug-file - entry : default@CompileArkTS cost memory 0.5341720581054688
[2026-06-23T17:46:17.298] [INFO] debug-file - UP-TO-DATE :entry:default@CompileArkTS...  
[2026-06-23T17:46:17.301] [DEBUG] debug-file - Executing task :entry:default@BuildJS
[2026-06-23T17:46:17.301] [DEBUG] debug-file - Task 'entry:default@BuildJS' cost while wrapping incremental declarations: 1 ms 
[2026-06-23T17:46:17.307] [DEBUG] debug-file - entry : default@BuildJS cost memory 0.1468048095703125
[2026-06-23T17:46:17.307] [DEBUG] debug-file - runTaskFromQueue task cost before running: 826 ms 
[2026-06-23T17:46:17.307] [INFO] debug-file - Finished :entry:default@BuildJS... after 7 ms 
[2026-06-23T17:46:17.310] [DEBUG] debug-file - Executing task :entry:default@CacheNativeLibs
[2026-06-23T17:46:17.311] [DEBUG] debug-file - Task 'entry:default@CacheNativeLibs' cost while wrapping incremental declarations: 1 ms 
[2026-06-23T17:46:17.315] [DEBUG] debug-file - Incremental task entry:default@CacheNativeLibs pre-execution cost: 4 ms .
[2026-06-23T17:46:17.315] [DEBUG] debug-file - entry : default@CacheNativeLibs cost memory 0.08902740478515625
[2026-06-23T17:46:17.315] [INFO] debug-file - UP-TO-DATE :entry:default@CacheNativeLibs...  
[2026-06-23T17:46:17.318] [DEBUG] debug-file - Executing task :entry:default@GeneratePkgModuleJson
[2026-06-23T17:46:17.319] [DEBUG] debug-file - File: 'E:\lezihuawei\target\entry\build\default\intermediates\preload\default\preload.json' from 'preloadSoJsonPath' is not exists, just ignore.
[2026-06-23T17:46:17.319] [DEBUG] debug-file - Error occurs while handling @Input 'shouldDeduplicateHar': The "data" argument must be of type string or an instance of Buffer, TypedArray, or DataView. Received undefined
[2026-06-23T17:46:17.319] [DEBUG] debug-file - Task 'entry:default@GeneratePkgModuleJson' cost while wrapping incremental declarations: 2 ms 
[2026-06-23T17:46:17.321] [DEBUG] debug-file - Incremental task entry:default@GeneratePkgModuleJson pre-execution cost: 2 ms .
[2026-06-23T17:46:17.321] [DEBUG] debug-file - entry : default@GeneratePkgModuleJson cost memory 0.1068267822265625
[2026-06-23T17:46:17.322] [INFO] debug-file - UP-TO-DATE :entry:default@GeneratePkgModuleJson...  
[2026-06-23T17:46:17.324] [DEBUG] debug-file - Executing task :entry:default@ProcessCompiledResources
[2026-06-23T17:46:17.324] [DEBUG] debug-file - File: 'E:\lezihuawei\target\entry\build\default\intermediates\preload\default\preload.json' from 'preloadSoJsonPath' is not exists, just ignore.
[2026-06-23T17:46:17.324] [DEBUG] debug-file - Task 'entry:default@ProcessCompiledResources' cost while wrapping incremental declarations: 1 ms 
[2026-06-23T17:46:17.325] [DEBUG] debug-file - entry : default@ProcessCompiledResources cost memory 0.05678558349609375
[2026-06-23T17:46:17.325] [DEBUG] debug-file - runTaskFromQueue task cost before running: 844 ms 
[2026-06-23T17:46:17.325] [INFO] debug-file - Finished :entry:default@ProcessCompiledResources... after 2 ms 
[2026-06-23T17:46:17.331] [DEBUG] debug-file - Executing task :entry:default@PackageHap
[2026-06-23T17:46:17.350] [DEBUG] debug-file - Incremental task entry:default@PackageHap pre-execution cost: 17 ms .
[2026-06-23T17:46:17.350] [DEBUG] debug-file - entry : default@PackageHap cost memory 0.3570709228515625
[2026-06-23T17:46:17.353] [INFO] debug-file - UP-TO-DATE :entry:default@PackageHap...  
[2026-06-23T17:46:17.355] [DEBUG] debug-file - Executing task :entry:default@PackingCheck
[2026-06-23T17:46:17.365] [DEBUG] debug-file - entry : default@PackingCheck cost memory 0.4677886962890625
[2026-06-23T17:46:17.365] [DEBUG] debug-file - runTaskFromQueue task cost before running: 884 ms 
[2026-06-23T17:46:17.365] [INFO] debug-file - Finished :entry:default@PackingCheck... after 10 ms 
[2026-06-23T17:46:17.368] [DEBUG] debug-file - Executing task :entry:default@SignHap
[2026-06-23T17:46:17.374] [DEBUG] debug-file - Incremental task entry:default@SignHap pre-execution cost: 4 ms .
[2026-06-23T17:46:17.374] [DEBUG] debug-file - entry : default@SignHap cost memory 0.111083984375
[2026-06-23T17:46:17.375] [INFO] debug-file - UP-TO-DATE :entry:default@SignHap...  
[2026-06-23T17:46:17.378] [DEBUG] debug-file - Executing task :entry:default@CollectDebugSymbol
[2026-06-23T17:46:17.380] [DEBUG] debug-file - entry : default@CollectDebugSymbol cost memory 0.0823516845703125
[2026-06-23T17:46:17.380] [DEBUG] debug-file - runTaskFromQueue task cost before running: 899 ms 
[2026-06-23T17:46:17.381] [INFO] debug-file - Finished :entry:default@CollectDebugSymbol... after 3 ms 
[2026-06-23T17:46:17.381] [DEBUG] debug-file - Executing task :entry:assembleHap
[2026-06-23T17:46:17.381] [DEBUG] debug-file - entry : assembleHap cost memory 0.0126800537109375
[2026-06-23T17:46:17.381] [DEBUG] debug-file - runTaskFromQueue task cost before running: 901 ms 
[2026-06-23T17:46:17.382] [INFO] debug-file - Finished :entry:assembleHap... after 1 ms 
[2026-06-23T17:46:17.399] [INFO] debug-file - BUILD SUCCESSFUL in 918 ms 
[2026-06-23T17:46:17.402] [DEBUG] debug-file - Update task entry:default@PreBuild input file:E:\lezihuawei\target\AppScope\app.json5 cache by regenerate.
[2026-06-23T17:46:17.403] [DEBUG] debug-file - Update task entry:default@PreBuild input file:E:\lezihuawei\target\entry\src\main\module.json5 cache by regenerate.
[2026-06-23T17:46:17.403] [DEBUG] debug-file - Update task entry:default@PreBuild input file:E:\lezihuawei\target\build-profile.json5 cache by regenerate.
[2026-06-23T17:46:17.404] [DEBUG] debug-file - Update task entry:default@PreBuild input file:E:\lezihuawei\target\entry\build-profile.json5 cache by regenerate.
[2026-06-23T17:46:17.405] [DEBUG] debug-file - Update task entry:default@PreBuild input file:E:\lezihuawei\target\entry\src\main\resources\base\profile\main_pages.json cache by regenerate.
[2026-06-23T17:46:17.405] [DEBUG] debug-file - Update task entry:default@PreBuild input file:E:\lezihuawei\target\hvigor\hvigor-config.json5 cache by regenerate.
[2026-06-23T17:46:17.406] [DEBUG] debug-file - Update task entry:default@PreBuild input file:E:\lezihuawei\target\entry\oh-package.json5 cache by regenerate.
[2026-06-23T17:46:17.407] [DEBUG] debug-file - Update task entry:default@PreBuild input file:E:\lezihuawei\target\oh-package.json5 cache by regenerate.
[2026-06-23T17:46:17.407] [DEBUG] debug-file - Incremental task entry:default@PreBuild post-execution cost:7 ms .
[2026-06-23T17:46:17.407] [DEBUG] debug-file - Update task entry:default@CreateModuleInfo output file:E:\lezihuawei\target\entry\build\default\generated\profile\default\ModuleInfo.ts cache.
[2026-06-23T17:46:17.408] [DEBUG] debug-file - Incremental task entry:default@CreateModuleInfo post-execution cost:1 ms .
[2026-06-23T17:46:17.408] [DEBUG] debug-file - There is no need to refresh cache, since the incremental task entry:default@GenerateMetadata is up-to-date.
[2026-06-23T17:46:17.408] [DEBUG] debug-file - There is no need to refresh cache, since the incremental task entry:default@MergeProfile is up-to-date.
[2026-06-23T17:46:17.408] [DEBUG] debug-file - There is no need to refresh cache, since the incremental task entry:default@CreateBuildProfile is up-to-date.
[2026-06-23T17:46:17.408] [DEBUG] debug-file - Update task entry:default@GeneratePkgContextInfo output file:E:\lezihuawei\target\entry\build\default\intermediates\loader\default\pkgContextInfo.json cache.
[2026-06-23T17:46:17.409] [DEBUG] debug-file - Incremental task entry:default@GeneratePkgContextInfo post-execution cost:1 ms .
[2026-06-23T17:46:17.409] [DEBUG] debug-file - Update task entry:default@ProcessIntegratedHsp output file:E:\lezihuawei\target\build\cache\default\integrated_hsp\integratedHspCache.json cache.
[2026-06-23T17:46:17.410] [DEBUG] debug-file - Incremental task entry:default@ProcessIntegratedHsp post-execution cost:1 ms .
[2026-06-23T17:46:17.410] [DEBUG] debug-file - There is no need to refresh cache, since the incremental task entry:default@MakePackInfo is up-to-date.
[2026-06-23T17:46:17.410] [DEBUG] debug-file - Update task entry:default@SyscapTransform input file:E:\DevEco Studio\sdk\default\openharmony\toolchains\syscap_tool.exe cache by regenerate.
[2026-06-23T17:46:17.410] [DEBUG] debug-file - Update task entry:default@SyscapTransform input file:E:\DevEco Studio\sdk\default\openharmony\ets\api\device-define cache by regenerate.
[2026-06-23T17:46:17.413] [DEBUG] debug-file - Update task entry:default@SyscapTransform output file:E:\lezihuawei\target\entry\build\default\intermediates\syscap\default\rpcid.sc cache.
[2026-06-23T17:46:17.414] [DEBUG] debug-file - Incremental task entry:default@SyscapTransform post-execution cost:4 ms .
[2026-06-23T17:46:17.414] [DEBUG] debug-file - There is no need to refresh cache, since the incremental task entry:default@ProcessProfile is up-to-date.
[2026-06-23T17:46:17.414] [DEBUG] debug-file - There is no need to refresh cache, since the incremental task entry:default@ProcessRouterMap is up-to-date.
[2026-06-23T17:46:17.414] [DEBUG] debug-file - There is no need to refresh cache, since the incremental task entry:default@ProcessShareConfig is up-to-date.
[2026-06-23T17:46:17.414] [DEBUG] debug-file - Update task entry:default@ProcessStartupConfig output file:E:\lezihuawei\target\entry\build\default\intermediates\startup\default\startup_config.json cache.
[2026-06-23T17:46:17.414] [DEBUG] debug-file - Incremental task entry:default@ProcessStartupConfig post-execution cost:1 ms .
[2026-06-23T17:46:17.415] [DEBUG] debug-file - There is no need to refresh cache, since the incremental task entry:default@ProcessResource is up-to-date.
[2026-06-23T17:46:17.415] [DEBUG] debug-file - There is no need to refresh cache, since the incremental task entry:default@GenerateLoaderJson is up-to-date.
[2026-06-23T17:46:17.415] [DEBUG] debug-file - There is no need to refresh cache, since the incremental task entry:default@ProcessLibs is up-to-date.
[2026-06-23T17:46:17.415] [DEBUG] debug-file - There is no need to refresh cache, since the incremental task entry:default@CompileResource is up-to-date.
[2026-06-23T17:46:17.415] [DEBUG] debug-file - There is no need to refresh cache, since the incremental task entry:default@DoNativeStrip is up-to-date.
[2026-06-23T17:46:17.415] [DEBUG] debug-file - There is no need to refresh cache, since the incremental task entry:default@CompileArkTS is up-to-date.
[2026-06-23T17:46:17.417] [DEBUG] debug-file - Update task entry:default@BuildJS input file:E:\lezihuawei\target\entry\build\default\intermediates\loader\default cache by regenerate.
[2026-06-23T17:46:17.418] [DEBUG] debug-file - Update task entry:default@BuildJS input file:E:\lezihuawei\target\entry\build\default\intermediates\res\default\ResourceTable.txt cache by regenerate.
[2026-06-23T17:46:17.419] [DEBUG] debug-file - Update task entry:default@BuildJS input file:E:\lezihuawei\target\entry\build\default\intermediates\res\default\ark_module.json cache by regenerate.
[2026-06-23T17:46:17.419] [DEBUG] debug-file - Update task entry:default@BuildJS input file:E:\lezihuawei\target\entry\build\default\intermediates\res\default\resources\base\profile cache by regenerate.
[2026-06-23T17:46:17.420] [DEBUG] debug-file - Update task entry:default@BuildJS output file:E:\lezihuawei\target\entry\build\default\intermediates\loader_out\default\js cache.
[2026-06-23T17:46:17.421] [DEBUG] debug-file - Incremental task entry:default@BuildJS post-execution cost:6 ms .
[2026-06-23T17:46:17.421] [DEBUG] debug-file - There is no need to refresh cache, since the incremental task entry:default@CacheNativeLibs is up-to-date.
[2026-06-23T17:46:17.421] [DEBUG] debug-file - There is no need to refresh cache, since the incremental task entry:default@GeneratePkgModuleJson is up-to-date.
[2026-06-23T17:46:17.421] [DEBUG] debug-file - Incremental task entry:default@ProcessCompiledResources post-execution cost:1 ms .
[2026-06-23T17:46:17.421] [DEBUG] debug-file - There is no need to refresh cache, since the incremental task entry:default@PackageHap is up-to-date.
[2026-06-23T17:46:17.421] [DEBUG] debug-file - There is no need to refresh cache, since the incremental task entry:default@SignHap is up-to-date.
[2026-06-23T17:46:17.422] [DEBUG] debug-file - Update task entry:default@CollectDebugSymbol input file:E:\lezihuawei\target\entry\build\default\intermediates\loader_out\default\ets\sourceMaps.map cache by regenerate.
[2026-06-23T17:46:17.422] [DEBUG] debug-file - Update task entry:default@CollectDebugSymbol input file:E:\lezihuawei\target\entry\build\default\intermediates\libs\default cache by regenerate.
[2026-06-23T17:46:17.423] [DEBUG] debug-file - Update task entry:default@CollectDebugSymbol output file:E:\lezihuawei\target\entry\build\default\outputs\default\symbol cache.
[2026-06-23T17:46:17.423] [DEBUG] debug-file - Incremental task entry:default@CollectDebugSymbol post-execution cost:3 ms .
[2026-06-23T17:46:17.461] [DEBUG] debug-file - hvigor build process will be closed.
[2026-06-23T17:46:17.469] [DEBUG] debug-file - session manager: send message to worker process.
[2026-06-23T17:46:17.470] [DEBUG] debug-file - session manager: send message to worker process.
[2026-06-23T17:46:17.471] [DEBUG] debug-file - watch worker: worker id should be larger than 0. Nothing will be sent to any worker thread.
[2026-06-23T17:46:17.471] [DEBUG] debug-file - watch worker: worker id should be larger than 0. Nothing will be sent to any worker thread.
[2026-06-25T23:02:20.115] [DEBUG] debug-file - java daemon tryConnect failed Error: connect ECONNREFUSED 127.0.0.1:45050
[2026-06-25T23:02:20.170] [DEBUG] debug-file - java daemon started at port 45050 pid 24412
[2026-06-25T23:02:17.954] [DEBUG] debug-file - env: nodejsVersion=v18.20.1
[2026-06-25T23:02:18.081] [DEBUG] debug-file - env: daemon=true
[2026-06-25T23:02:17.955] [DEBUG] debug-file - env: hvigor-config.json5 content = { modelVersion: '5.0.0', dependencies: {} }
[2026-06-25T23:02:20.954] [DEBUG] debug-file - session manager: set active socket. socketId=8KuMkzV4oy9I_bH1AAAB
[2026-06-25T23:02:20.964] [DEBUG] debug-file - watch worker: worker id should be larger than 0. Nothing will be sent to any worker thread.
[2026-06-25T23:02:20.966] [DEBUG] debug-file - Since there is no instance or instance is terminated, create a new worker pool.
[2026-06-25T23:02:20.966] [DEBUG] debug-file - Worker pool is initialized with config:  {
  minPoolNum: 2,
  maxPoolNum: undefined,
  maxCoreSize: undefined,
  cacheCapacity: undefined,
  cacheTtl: undefined
}
[2026-06-25T23:02:20.967] [DEBUG] debug-file - Create  resident worker with id: 0.
[2026-06-25T23:02:20.968] [DEBUG] debug-file - Create  resident worker with id: 1.
[2026-06-25T23:02:20.969] [DEBUG] debug-file - Workers' log level updated to INFO
[2026-06-25T23:02:20.976] [DEBUG] debug-file - Hvigor init with startParameters:{
  hvigorfileTypeCheck: false,
  parallelExecution: true,
  incrementalExecution: true,
  printStackTrace: false,
  daemon: true,
  analyze: 0,
  logLevel: Level { level: 20000, levelStr: 'INFO', colour: 'green' },
  optimizationStrategy: 'memory',
  hotCompile: undefined,
  hotReloadBuild: undefined,
  customizedParam: undefined
}
[2026-06-25T23:02:20.991] [DEBUG] debug-file - Cache service initialization finished in 15 ms 
[2026-06-25T23:02:20.992] [DEBUG] debug-file - hvigorfile, resolving E:\lezihuawei\target\hvigorfile.ts
[2026-06-25T23:02:39.640] [DEBUG] debug-file - hvigorfile, require result:  {}
[2026-06-25T23:02:39.640] [DEBUG] debug-file - hvigorfile, binding system plugins {}
[2026-06-25T23:02:39.640] [DEBUG] debug-file - Starting plugin build process
[2026-06-25T23:02:39.640] [DEBUG] debug-file - App plugin prepare start...
[2026-06-25T23:02:39.640] [DEBUG] debug-file - App plugin prepare end...
[2026-06-25T23:02:39.641] [DEBUG] debug-file - App plugin creating...
[2026-06-25T23:02:39.779] [DEBUG] debug-file - App plugin register hook start...
[2026-06-25T23:02:39.779] [DEBUG] debug-file - App plugin register hook end...
[2026-06-25T23:02:39.779] [DEBUG] debug-file - Plugin build process completed
[2026-06-25T23:02:39.780] [DEBUG] debug-file - Start initialize project's product build option map with build mode debug.
[2026-06-25T23:02:39.780] [DEBUG] debug-file - Picking option from product 'default' with build mode 'debug'.
[2026-06-25T23:02:39.780] [DEBUG] debug-file - Product 'default' build option initialized
[2026-06-25T23:02:39.780] [DEBUG] debug-file - End initialize project's product build option map with build mode 'debug'.
[2026-06-25T23:02:39.782] [DEBUG] debug-file - Obtain build option for product 'default'in this build.
[2026-06-25T23:02:39.791] [DEBUG] debug-file - E:\lezihuawei\target\build\cache\default\remote_hsp\remoteHspCache.json not exists.
[2026-06-25T23:02:39.798] [DEBUG] debug-file - Local scan or download HarmonyOS sdk components toolchains,ets,js,native,previewer
[2026-06-25T23:02:39.804] [DEBUG] debug-file - Local scan or download hmscore sdk components toolchains,ets,native
[2026-06-25T23:02:39.807] [DEBUG] debug-file - Start recording SDK configuration permission data.
[2026-06-25T23:02:39.838] [DEBUG] debug-file - Sdk init in 41 ms 
[2026-06-25T23:02:39.842] [DEBUG] debug-file - Project task initialization takes 4 ms 
[2026-06-25T23:02:39.842] [DEBUG] debug-file - hvigorfile, resolve finished E:\lezihuawei\target\hvigorfile.ts
[2026-06-25T23:02:39.843] [DEBUG] debug-file - hvigorfile, resolving E:\lezihuawei\target\entry\hvigorfile.ts
[2026-06-25T23:02:39.847] [DEBUG] debug-file - hvigorfile, require result:  {}
[2026-06-25T23:02:39.847] [DEBUG] debug-file - hvigorfile, binding system plugins {}
[2026-06-25T23:02:39.847] [DEBUG] debug-file - Starting plugin build process
[2026-06-25T23:02:39.847] [DEBUG] debug-file - Hap plugin creating...
[2026-06-25T23:02:39.848] [DEBUG] debug-file - failed to load cangjie to dynamically generate schemas: Error: Cannot find module '@ohos/cangjie-build-support/index'
Require stack:
- E:\DevEco Studio\tools\hvigor\hvigor-ohos-plugin\src\plugin\hooks\cangjie-register.js
- E:\DevEco Studio\tools\hvigor\hvigor-ohos-plugin\src\plugin\strategy\stage-init-strategy.js
- E:\DevEco Studio\tools\hvigor\hvigor-ohos-plugin\src\plugin\builder\abstract-plugin-builder.js
- E:\DevEco Studio\tools\hvigor\hvigor-ohos-plugin\src\plugin\builder\app-plugin-builder.js
- E:\DevEco Studio\tools\hvigor\hvigor-ohos-plugin\src\plugin\factory\plugin-factory.js
- E:\DevEco Studio\tools\hvigor\hvigor-ohos-plugin\index.js
- E:\lezihuawei\target\hvigorfile.ts
- E:\DevEco Studio\tools\hvigor\hvigor\src\base\internal\lifecycle\configuration.js
- E:\DevEco Studio\tools\hvigor\hvigor\src\base\boot\index.js
- E:\DevEco Studio\tools\hvigor\hvigor\src\base\daemon\cluster\worker-process-lifecycle.js
- E:\DevEco Studio\tools\hvigor\hvigor\src\base\daemon\process\daemon-process-boot-script.js
[2026-06-25T23:02:39.858] [DEBUG] debug-file - Start initialize module-target build option map, moduleName=entry, buildMode=debug
[2026-06-25T23:02:39.858] [DEBUG] debug-file - Target 'default' config initialized
[2026-06-25T23:02:39.859] [DEBUG] debug-file - Module 'entry' target 'default' build option initialized
[2026-06-25T23:02:39.859] [DEBUG] debug-file - End initialize module-target build option map, moduleName=entry
[2026-06-25T23:02:39.859] [DEBUG] debug-file - Start initialize module-target build option map, moduleName=entry, buildMode=release
[2026-06-25T23:02:39.859] [DEBUG] debug-file - Target 'default' config initialized
[2026-06-25T23:02:39.859] [DEBUG] debug-file - Module 'entry' target 'default' build option initialized
[2026-06-25T23:02:39.859] [DEBUG] debug-file - End initialize module-target build option map, moduleName=entry
[2026-06-25T23:02:39.859] [DEBUG] debug-file - Start initialize module-target build option map, moduleName=entry, buildMode=debug
[2026-06-25T23:02:39.859] [DEBUG] debug-file - Target 'default' config initialized
[2026-06-25T23:02:39.860] [DEBUG] debug-file - Module 'entry' target 'default' build option initialized
[2026-06-25T23:02:39.860] [DEBUG] debug-file - End initialize module-target build option map, moduleName=entry
[2026-06-25T23:02:39.860] [DEBUG] debug-file - Obtain build option for module 'entry' target 'default'in this build.
[2026-06-25T23:02:39.863] [DEBUG] debug-file - Module entry task initialization takes 3 ms 
[2026-06-25T23:02:39.863] [DEBUG] debug-file - Hap plugin register hook start...
[2026-06-25T23:02:39.864] [DEBUG] debug-file - Hap plugin register hook end...
[2026-06-25T23:02:39.864] [DEBUG] debug-file - Plugin build process completed
[2026-06-25T23:02:39.864] [DEBUG] debug-file - hvigorfile, resolve finished E:\lezihuawei\target\entry\hvigorfile.ts
[2026-06-25T23:02:39.877] [DEBUG] debug-file - hvigorfile, resolve hvigorfile dependencies in 13 ms 
[2026-06-25T23:02:39.877] [DEBUG] debug-file - project has submodules:entry
[2026-06-25T23:02:39.878] [DEBUG] debug-file - start to load updatedOhPackageInfo to the disk
[2026-06-25T23:02:39.882] [DEBUG] debug-file - load to the disk finished
[2026-06-25T23:02:39.883] [DEBUG] debug-file - Start to initialize dependency information.
[2026-06-25T23:02:39.884] [DEBUG] debug-file - Module target Collected Dependency: 
[2026-06-25T23:02:39.884] [DEBUG] debug-file - Module target's total dependency: 0
[2026-06-25T23:02:39.885] [DEBUG] debug-file - Start to initialize dependency information.
[2026-06-25T23:02:39.887] [DEBUG] debug-file - Module entry Collected Dependency: 
[2026-06-25T23:02:39.887] [DEBUG] debug-file - Module entry's total dependency: 0
[2026-06-25T23:02:39.890] [DEBUG] debug-file - Configuration phase cost:18 s 900 ms 
[2026-06-25T23:02:39.892] [DEBUG] debug-file - Configuration task cost before running: 18 s 923 ms 
[2026-06-25T23:02:39.898] [DEBUG] debug-file - Executing task :entry:default@PreBuild
[2026-06-25T23:02:39.900] [DEBUG] debug-file - Task 'entry:default@PreBuild' cost while wrapping incremental declarations: 1 ms 
[2026-06-25T23:02:39.911] [DEBUG] debug-file - entry:default@PreBuild is not up-to-date, since the task snapshots are different.
[2026-06-25T23:02:39.911] [DEBUG] debug-file - Incremental task entry:default@PreBuild pre-execution cost: 8 ms .
[2026-06-25T23:02:40.037] [DEBUG] debug-file - current product is not Atomic service.
[2026-06-25T23:02:40.037] [DEBUG] debug-file - Use tool [win32: JAVA_HOME, CLASSPATH]
 [ { JAVA_HOME: 'E:\\DevEco Studio\\jbr' }, { CLASSPATH: undefined } ]
[2026-06-25T23:02:40.037] [DEBUG] debug-file - Use tool [win32: NODE_HOME]
 [ { NODE_HOME: 'E:\\DevEco Studio\\tools\\node' } ]
[2026-06-25T23:02:40.038] [DEBUG] debug-file - entry : default@PreBuild cost memory 6.175559997558594
[2026-06-25T23:02:40.038] [DEBUG] debug-file - runTaskFromQueue task cost before running: 19 s 68 ms 
[2026-06-25T23:02:40.039] [INFO] debug-file - Finished :entry:default@PreBuild... after 140 ms 
[2026-06-25T23:02:40.040] [DEBUG] debug-file - Executing task :entry:default@CreateModuleInfo
[2026-06-25T23:02:40.040] [DEBUG] debug-file - Task 'entry:default@CreateModuleInfo' cost while wrapping incremental declarations: 1 ms 
[2026-06-25T23:02:40.041] [DEBUG] debug-file - entry : default@CreateModuleInfo cost memory 0.0428314208984375
[2026-06-25T23:02:40.041] [DEBUG] debug-file - runTaskFromQueue task cost before running: 19 s 71 ms 
[2026-06-25T23:02:40.041] [INFO] debug-file - Finished :entry:default@CreateModuleInfo... after 1 ms 
[2026-06-25T23:02:40.043] [DEBUG] debug-file - Executing task :entry:default@GenerateMetadata
[2026-06-25T23:02:40.044] [DEBUG] debug-file - Task 'entry:default@GenerateMetadata' cost while wrapping incremental declarations: 1 ms 
[2026-06-25T23:02:40.045] [DEBUG] debug-file - Incremental task entry:default@GenerateMetadata pre-execution cost: 1 ms .
[2026-06-25T23:02:40.045] [DEBUG] debug-file - entry : default@GenerateMetadata cost memory 0.1287994384765625
[2026-06-25T23:02:40.045] [INFO] debug-file - UP-TO-DATE :entry:default@GenerateMetadata...  
[2026-06-25T23:02:40.046] [DEBUG] debug-file - Executing task :entry:default@ConfigureCmake
[2026-06-25T23:02:40.046] [DEBUG] debug-file - entry : default@ConfigureCmake cost memory 0.0145263671875
[2026-06-25T23:02:40.046] [DEBUG] debug-file - runTaskFromQueue task cost before running: 19 s 77 ms 
[2026-06-25T23:02:40.046] [INFO] debug-file - Finished :entry:default@ConfigureCmake... after 1 ms 
[2026-06-25T23:02:40.047] [DEBUG] debug-file - Executing task :entry:default@MergeProfile
[2026-06-25T23:02:40.047] [DEBUG] debug-file - Task 'entry:default@MergeProfile' cost while wrapping incremental declarations: 1 ms 
[2026-06-25T23:02:40.049] [DEBUG] debug-file - Incremental task entry:default@MergeProfile pre-execution cost: 2 ms .
[2026-06-25T23:02:40.049] [DEBUG] debug-file - entry : default@MergeProfile cost memory 0.2010650634765625
[2026-06-25T23:02:40.049] [INFO] debug-file - UP-TO-DATE :entry:default@MergeProfile...  
[2026-06-25T23:02:40.050] [DEBUG] debug-file - Executing task :entry:default@CreateBuildProfile
[2026-06-25T23:02:40.050] [DEBUG] debug-file - Task 'entry:default@CreateBuildProfile' cost while wrapping incremental declarations: 1 ms 
[2026-06-25T23:02:40.051] [DEBUG] debug-file - Incremental task entry:default@CreateBuildProfile pre-execution cost: 1 ms .
[2026-06-25T23:02:40.051] [DEBUG] debug-file - entry : default@CreateBuildProfile cost memory 0.124481201171875
[2026-06-25T23:02:40.051] [INFO] debug-file - UP-TO-DATE :entry:default@CreateBuildProfile...  
[2026-06-25T23:02:40.052] [DEBUG] debug-file - Executing task :entry:default@PreCheckSyscap
[2026-06-25T23:02:40.052] [DEBUG] debug-file - entry : default@PreCheckSyscap cost memory 0.01476287841796875
[2026-06-25T23:02:40.052] [DEBUG] debug-file - runTaskFromQueue task cost before running: 19 s 83 ms 
[2026-06-25T23:02:40.052] [INFO] debug-file - Finished :entry:default@PreCheckSyscap... after 1 ms 
[2026-06-25T23:02:40.053] [DEBUG] debug-file - Executing task :entry:default@GeneratePkgContextInfo
[2026-06-25T23:02:40.059] [DEBUG] debug-file - Task 'entry:default@GeneratePkgContextInfo' cost while wrapping incremental declarations: 1 ms 
[2026-06-25T23:02:40.059] [DEBUG] debug-file - entry : default@GeneratePkgContextInfo cost memory 0.3025360107421875
[2026-06-25T23:02:40.059] [DEBUG] debug-file - runTaskFromQueue task cost before running: 19 s 90 ms 
[2026-06-25T23:02:40.059] [INFO] debug-file - Finished :entry:default@GeneratePkgContextInfo... after 6 ms 
[2026-06-25T23:02:40.062] [DEBUG] debug-file - Executing task :entry:default@ProcessIntegratedHsp
[2026-06-25T23:02:40.062] [DEBUG] debug-file - entry:default@ProcessIntegratedHsp is not up-to-date, since the output file 'E:\lezihuawei\target\build\cache\default\integrated_hsp\integratedHspCache.json' does not exist.
[2026-06-25T23:02:40.062] [DEBUG] debug-file - Incremental task entry:default@ProcessIntegratedHsp pre-execution cost: 1 ms .
[2026-06-25T23:02:40.063] [DEBUG] debug-file - entry : default@ProcessIntegratedHsp cost memory 0.0569000244140625
[2026-06-25T23:02:40.063] [DEBUG] debug-file - runTaskFromQueue task cost before running: 19 s 93 ms 
[2026-06-25T23:02:40.063] [INFO] debug-file - Finished :entry:default@ProcessIntegratedHsp... after 1 ms 
[2026-06-25T23:02:40.064] [DEBUG] debug-file - Executing task :entry:default@BuildNativeWithCmake
[2026-06-25T23:02:40.064] [DEBUG] debug-file - entry : default@BuildNativeWithCmake cost memory 0.0149078369140625
[2026-06-25T23:02:40.064] [DEBUG] debug-file - runTaskFromQueue task cost before running: 19 s 94 ms 
[2026-06-25T23:02:40.064] [INFO] debug-file - Finished :entry:default@BuildNativeWithCmake... after 1 ms 
[2026-06-25T23:02:40.065] [DEBUG] debug-file - Executing task :entry:default@MakePackInfo
[2026-06-25T23:02:40.066] [DEBUG] debug-file - Incremental task entry:default@MakePackInfo pre-execution cost: 2 ms .
[2026-06-25T23:02:40.066] [DEBUG] debug-file - entry : default@MakePackInfo cost memory 0.10821533203125
[2026-06-25T23:02:40.066] [INFO] debug-file - UP-TO-DATE :entry:default@MakePackInfo...  
[2026-06-25T23:02:40.067] [DEBUG] debug-file - Executing task :entry:default@SyscapTransform
[2026-06-25T23:02:40.067] [DEBUG] debug-file - File: 'E:\lezihuawei\target\entry\src\main\syscap.json' from 'sysCapJsonPath' is not exists, just ignore.
[2026-06-25T23:02:40.069] [DEBUG] debug-file - Task 'entry:default@SyscapTransform' cost while wrapping incremental declarations: 3 ms 
[2026-06-25T23:02:40.078] [DEBUG] debug-file - entry:default@SyscapTransform is not up-to-date, since the output file 'E:\lezihuawei\target\entry\build\default\intermediates\syscap\default\rpcid.sc' does not exist.
[2026-06-25T23:02:40.078] [DEBUG] debug-file - Incremental task entry:default@SyscapTransform pre-execution cost: 9 ms .
[2026-06-25T23:02:40.078] [DEBUG] debug-file - entry : default@SyscapTransform cost memory 0.153411865234375
[2026-06-25T23:02:40.078] [DEBUG] debug-file - runTaskFromQueue task cost before running: 19 s 109 ms 
[2026-06-25T23:02:40.078] [INFO] debug-file - Finished :entry:default@SyscapTransform... after 11 ms 
[2026-06-25T23:02:40.080] [DEBUG] debug-file - Executing task :entry:default@ProcessProfile
[2026-06-25T23:02:40.089] [DEBUG] debug-file - Task 'entry:default@ProcessProfile' cost while wrapping incremental declarations: 1 ms 
[2026-06-25T23:02:40.090] [DEBUG] debug-file - Incremental task entry:default@ProcessProfile pre-execution cost: 1 ms .
[2026-06-25T23:02:40.090] [DEBUG] debug-file - entry : default@ProcessProfile cost memory 0.13414764404296875
[2026-06-25T23:02:40.090] [INFO] debug-file - UP-TO-DATE :entry:default@ProcessProfile...  
[2026-06-25T23:02:40.091] [DEBUG] debug-file - Executing task :entry:default@ProcessRouterMap
[2026-06-25T23:02:40.092] [DEBUG] debug-file - Incremental task entry:default@ProcessRouterMap pre-execution cost: 1 ms .
[2026-06-25T23:02:40.093] [DEBUG] debug-file - entry : default@ProcessRouterMap cost memory 0.12368011474609375
[2026-06-25T23:02:40.093] [INFO] debug-file - UP-TO-DATE :entry:default@ProcessRouterMap...  
[2026-06-25T23:02:40.094] [DEBUG] debug-file - Executing task :entry:default@ProcessShareConfig
[2026-06-25T23:02:40.095] [DEBUG] debug-file - Incremental task entry:default@ProcessShareConfig pre-execution cost: 1 ms .
[2026-06-25T23:02:40.095] [DEBUG] debug-file - entry : default@ProcessShareConfig cost memory 0.10091400146484375
[2026-06-25T23:02:40.095] [INFO] debug-file - UP-TO-DATE :entry:default@ProcessShareConfig...  
[2026-06-25T23:02:40.098] [DEBUG] debug-file - Executing task :entry:default@ProcessStartupConfig
[2026-06-25T23:02:40.098] [DEBUG] debug-file - Task 'entry:default@ProcessStartupConfig' cost while wrapping incremental declarations: 1 ms 
[2026-06-25T23:02:40.099] [DEBUG] debug-file - entry:default@ProcessStartupConfig is not up-to-date, since the output file 'E:\lezihuawei\target\entry\build\default\intermediates\startup\default\startup_config.json' does not exist.
[2026-06-25T23:02:40.099] [DEBUG] debug-file - Incremental task entry:default@ProcessStartupConfig pre-execution cost: 1 ms .
[2026-06-25T23:02:40.099] [DEBUG] debug-file - entry : default@ProcessStartupConfig cost memory 0.09014892578125
[2026-06-25T23:02:40.099] [DEBUG] debug-file - runTaskFromQueue task cost before running: 19 s 130 ms 
[2026-06-25T23:02:40.099] [INFO] debug-file - Finished :entry:default@ProcessStartupConfig... after 2 ms 
[2026-06-25T23:02:40.100] [DEBUG] debug-file - Executing task :entry:default@BuildNativeWithNinja
[2026-06-25T23:02:40.101] [DEBUG] debug-file - entry : default@BuildNativeWithNinja cost memory 0.0204010009765625
[2026-06-25T23:02:40.101] [DEBUG] debug-file - runTaskFromQueue task cost before running: 19 s 131 ms 
[2026-06-25T23:02:40.101] [INFO] debug-file - Finished :entry:default@BuildNativeWithNinja... after 1 ms 
[2026-06-25T23:02:40.102] [DEBUG] debug-file - restool module names: entry; moduleName=entry, taskName=default@ProcessResource
[2026-06-25T23:02:40.108] [DEBUG] debug-file - Executing task :entry:default@ProcessResource
[2026-06-25T23:02:40.109] [DEBUG] debug-file - Task 'entry:default@ProcessResource' cost while wrapping incremental declarations: 1 ms 
[2026-06-25T23:02:40.109] [DEBUG] debug-file - Incremental task entry:default@ProcessResource pre-execution cost: 1 ms .
[2026-06-25T23:02:40.110] [DEBUG] debug-file - entry : default@ProcessResource cost memory 0.12332916259765625
[2026-06-25T23:02:40.110] [INFO] debug-file - UP-TO-DATE :entry:default@ProcessResource...  
[2026-06-25T23:02:40.112] [DEBUG] debug-file - Executing task :entry:default@GenerateLoaderJson
[2026-06-25T23:02:40.112] [DEBUG] debug-file - Task 'entry:default@GenerateLoaderJson' cost while wrapping incremental declarations: 1 ms 
[2026-06-25T23:02:40.117] [DEBUG] debug-file - Incremental task entry:default@GenerateLoaderJson pre-execution cost: 3 ms .
[2026-06-25T23:02:40.117] [DEBUG] debug-file - entry : default@GenerateLoaderJson cost memory 0.6638412475585938
[2026-06-25T23:02:40.119] [INFO] debug-file - UP-TO-DATE :entry:default@GenerateLoaderJson...  
[2026-06-25T23:02:40.119] [DEBUG] debug-file - Executing task :entry:default@ProcessLibs
[2026-06-25T23:02:40.121] [DEBUG] debug-file - Incremental task entry:default@ProcessLibs pre-execution cost: 1 ms .
[2026-06-25T23:02:40.121] [DEBUG] debug-file - entry : default@ProcessLibs cost memory 0.09612274169921875
[2026-06-25T23:02:40.122] [INFO] debug-file - UP-TO-DATE :entry:default@ProcessLibs...  
[2026-06-25T23:02:40.123] [DEBUG] debug-file - restool module names: entry; moduleName=entry, taskName=default@CompileResource
[2026-06-25T23:02:40.123] [DEBUG] debug-file - Executing task :entry:default@CompileResource
[2026-06-25T23:02:40.130] [DEBUG] debug-file - Incremental task entry:default@CompileResource pre-execution cost: 7 ms .
[2026-06-25T23:02:40.130] [DEBUG] debug-file - entry : default@CompileResource cost memory 0.5275039672851562
[2026-06-25T23:02:40.131] [INFO] debug-file - UP-TO-DATE :entry:default@CompileResource...  
[2026-06-25T23:02:40.132] [DEBUG] debug-file - Executing task :entry:default@DoNativeStrip
[2026-06-25T23:02:40.132] [DEBUG] debug-file - Task 'entry:default@DoNativeStrip' cost while wrapping incremental declarations: 1 ms 
[2026-06-25T23:02:40.133] [DEBUG] debug-file - Incremental task entry:default@DoNativeStrip pre-execution cost: 1 ms .
[2026-06-25T23:02:40.133] [DEBUG] debug-file - entry : default@DoNativeStrip cost memory 0.0766448974609375
[2026-06-25T23:02:40.133] [INFO] debug-file - UP-TO-DATE :entry:default@DoNativeStrip...  
[2026-06-25T23:02:40.134] [DEBUG] debug-file - Executing task :entry:default@CompileArkTS
[2026-06-25T23:02:40.134] [DEBUG] debug-file - obfuscationOptions: undefined
[2026-06-25T23:02:40.135] [DEBUG] debug-file - Task 'entry:default@CompileArkTS' cost while wrapping incremental declarations: 1 ms 
[2026-06-25T23:02:40.142] [DEBUG] debug-file - Incremental task entry:default@CompileArkTS pre-execution cost: 6 ms .
[2026-06-25T23:02:40.142] [DEBUG] debug-file - entry : default@CompileArkTS cost memory 0.56439208984375
[2026-06-25T23:02:40.143] [INFO] debug-file - UP-TO-DATE :entry:default@CompileArkTS...  
[2026-06-25T23:02:40.144] [DEBUG] debug-file - Executing task :entry:default@BuildJS
[2026-06-25T23:02:40.145] [DEBUG] debug-file - Task 'entry:default@BuildJS' cost while wrapping incremental declarations: 1 ms 
[2026-06-25T23:02:40.146] [DEBUG] debug-file - entry : default@BuildJS cost memory 0.1454925537109375
[2026-06-25T23:02:40.146] [DEBUG] debug-file - runTaskFromQueue task cost before running: 19 s 177 ms 
[2026-06-25T23:02:40.146] [INFO] debug-file - Finished :entry:default@BuildJS... after 2 ms 
[2026-06-25T23:02:40.147] [DEBUG] debug-file - Executing task :entry:default@CacheNativeLibs
[2026-06-25T23:02:40.147] [DEBUG] debug-file - Task 'entry:default@CacheNativeLibs' cost while wrapping incremental declarations: 1 ms 
[2026-06-25T23:02:40.148] [DEBUG] debug-file - Incremental task entry:default@CacheNativeLibs pre-execution cost: 1 ms .
[2026-06-25T23:02:40.148] [DEBUG] debug-file - entry : default@CacheNativeLibs cost memory 0.0903472900390625
[2026-06-25T23:02:40.148] [INFO] debug-file - UP-TO-DATE :entry:default@CacheNativeLibs...  
[2026-06-25T23:02:40.149] [DEBUG] debug-file - Executing task :entry:default@GeneratePkgModuleJson
[2026-06-25T23:02:40.149] [DEBUG] debug-file - File: 'E:\lezihuawei\target\entry\build\default\intermediates\preload\default\preload.json' from 'preloadSoJsonPath' is not exists, just ignore.
[2026-06-25T23:02:40.149] [DEBUG] debug-file - Error occurs while handling @Input 'shouldDeduplicateHar': The "data" argument must be of type string or an instance of Buffer, TypedArray, or DataView. Received undefined
[2026-06-25T23:02:40.150] [DEBUG] debug-file - Task 'entry:default@GeneratePkgModuleJson' cost while wrapping incremental declarations: 1 ms 
[2026-06-25T23:02:40.150] [DEBUG] debug-file - Incremental task entry:default@GeneratePkgModuleJson pre-execution cost: 1 ms .
[2026-06-25T23:02:40.150] [DEBUG] debug-file - entry : default@GeneratePkgModuleJson cost memory 0.10376739501953125
[2026-06-25T23:02:40.150] [INFO] debug-file - UP-TO-DATE :entry:default@GeneratePkgModuleJson...  
[2026-06-25T23:02:40.151] [DEBUG] debug-file - Executing task :entry:default@ProcessCompiledResources
[2026-06-25T23:02:40.151] [DEBUG] debug-file - File: 'E:\lezihuawei\target\entry\build\default\intermediates\preload\default\preload.json' from 'preloadSoJsonPath' is not exists, just ignore.
[2026-06-25T23:02:40.151] [DEBUG] debug-file - Task 'entry:default@ProcessCompiledResources' cost while wrapping incremental declarations: 1 ms 
[2026-06-25T23:02:40.151] [DEBUG] debug-file - entry : default@ProcessCompiledResources cost memory 0.064117431640625
[2026-06-25T23:02:40.151] [DEBUG] debug-file - runTaskFromQueue task cost before running: 19 s 182 ms 
[2026-06-25T23:02:40.151] [INFO] debug-file - Finished :entry:default@ProcessCompiledResources... after 1 ms 
[2026-06-25T23:02:40.153] [DEBUG] debug-file - Executing task :entry:default@PackageHap
[2026-06-25T23:02:40.158] [DEBUG] debug-file - Incremental task entry:default@PackageHap pre-execution cost: 5 ms .
[2026-06-25T23:02:40.158] [DEBUG] debug-file - entry : default@PackageHap cost memory 0.6134796142578125
[2026-06-25T23:02:40.159] [INFO] debug-file - UP-TO-DATE :entry:default@PackageHap...  
[2026-06-25T23:02:40.160] [DEBUG] debug-file - Executing task :entry:default@PackingCheck
[2026-06-25T23:02:40.164] [DEBUG] debug-file - entry : default@PackingCheck cost memory 0.41622161865234375
[2026-06-25T23:02:40.165] [DEBUG] debug-file - runTaskFromQueue task cost before running: 19 s 195 ms 
[2026-06-25T23:02:40.165] [INFO] debug-file - Finished :entry:default@PackingCheck... after 5 ms 
[2026-06-25T23:02:40.166] [DEBUG] debug-file - Executing task :entry:default@SignHap
[2026-06-25T23:02:40.168] [DEBUG] debug-file - Incremental task entry:default@SignHap pre-execution cost: 1 ms .
[2026-06-25T23:02:40.168] [DEBUG] debug-file - entry : default@SignHap cost memory 0.11292266845703125
[2026-06-25T23:02:40.168] [INFO] debug-file - UP-TO-DATE :entry:default@SignHap...  
[2026-06-25T23:02:40.169] [DEBUG] debug-file - Executing task :entry:default@CollectDebugSymbol
[2026-06-25T23:02:40.169] [DEBUG] debug-file - entry : default@CollectDebugSymbol cost memory 0.0829010009765625
[2026-06-25T23:02:40.170] [DEBUG] debug-file - runTaskFromQueue task cost before running: 19 s 200 ms 
[2026-06-25T23:02:40.170] [INFO] debug-file - Finished :entry:default@CollectDebugSymbol... after 1 ms 
[2026-06-25T23:02:40.170] [DEBUG] debug-file - Executing task :entry:assembleHap
[2026-06-25T23:02:40.170] [DEBUG] debug-file - entry : assembleHap cost memory 0.0128326416015625
[2026-06-25T23:02:40.170] [DEBUG] debug-file - runTaskFromQueue task cost before running: 19 s 200 ms 
[2026-06-25T23:02:40.170] [INFO] debug-file - Finished :entry:assembleHap... after 1 ms 
[2026-06-25T23:02:40.179] [INFO] debug-file - BUILD SUCCESSFUL in 19 s 209 ms 
[2026-06-25T23:02:40.180] [DEBUG] debug-file - Update task entry:default@PreBuild input file:E:\lezihuawei\target\AppScope\app.json5 cache by regenerate.
[2026-06-25T23:02:40.180] [DEBUG] debug-file - Update task entry:default@PreBuild input file:E:\lezihuawei\target\entry\src\main\module.json5 cache by regenerate.
[2026-06-25T23:02:40.181] [DEBUG] debug-file - Update task entry:default@PreBuild input file:E:\lezihuawei\target\build-profile.json5 cache by regenerate.
[2026-06-25T23:02:40.181] [DEBUG] debug-file - Update task entry:default@PreBuild input file:E:\lezihuawei\target\entry\build-profile.json5 cache by regenerate.
[2026-06-25T23:02:40.181] [DEBUG] debug-file - Update task entry:default@PreBuild input file:E:\lezihuawei\target\entry\src\main\resources\base\profile\main_pages.json cache by regenerate.
[2026-06-25T23:02:40.181] [DEBUG] debug-file - Update task entry:default@PreBuild input file:E:\lezihuawei\target\hvigor\hvigor-config.json5 cache by regenerate.
[2026-06-25T23:02:40.181] [DEBUG] debug-file - Update task entry:default@PreBuild input file:E:\lezihuawei\target\entry\oh-package.json5 cache by regenerate.
[2026-06-25T23:02:40.181] [DEBUG] debug-file - Update task entry:default@PreBuild input file:E:\lezihuawei\target\oh-package.json5 cache by regenerate.
[2026-06-25T23:02:40.182] [DEBUG] debug-file - Incremental task entry:default@PreBuild post-execution cost:3 ms .
[2026-06-25T23:02:40.182] [DEBUG] debug-file - Update task entry:default@CreateModuleInfo output file:E:\lezihuawei\target\entry\build\default\generated\profile\default\ModuleInfo.ts cache.
[2026-06-25T23:02:40.182] [DEBUG] debug-file - Incremental task entry:default@CreateModuleInfo post-execution cost:1 ms .
[2026-06-25T23:02:40.182] [DEBUG] debug-file - There is no need to refresh cache, since the incremental task entry:default@GenerateMetadata is up-to-date.
[2026-06-25T23:02:40.182] [DEBUG] debug-file - There is no need to refresh cache, since the incremental task entry:default@MergeProfile is up-to-date.
[2026-06-25T23:02:40.182] [DEBUG] debug-file - There is no need to refresh cache, since the incremental task entry:default@CreateBuildProfile is up-to-date.
[2026-06-25T23:02:40.182] [DEBUG] debug-file - Update task entry:default@GeneratePkgContextInfo output file:E:\lezihuawei\target\entry\build\default\intermediates\loader\default\pkgContextInfo.json cache.
[2026-06-25T23:02:40.182] [DEBUG] debug-file - Incremental task entry:default@GeneratePkgContextInfo post-execution cost:1 ms .
[2026-06-25T23:02:40.182] [DEBUG] debug-file - Update task entry:default@ProcessIntegratedHsp output file:E:\lezihuawei\target\build\cache\default\integrated_hsp\integratedHspCache.json cache.
[2026-06-25T23:02:40.182] [DEBUG] debug-file - Incremental task entry:default@ProcessIntegratedHsp post-execution cost:1 ms .
[2026-06-25T23:02:40.182] [DEBUG] debug-file - There is no need to refresh cache, since the incremental task entry:default@MakePackInfo is up-to-date.
[2026-06-25T23:02:40.182] [DEBUG] debug-file - Update task entry:default@SyscapTransform input file:E:\DevEco Studio\sdk\default\openharmony\toolchains\syscap_tool.exe cache by regenerate.
[2026-06-25T23:02:40.183] [DEBUG] debug-file - Update task entry:default@SyscapTransform input file:E:\DevEco Studio\sdk\default\openharmony\ets\api\device-define cache by regenerate.
[2026-06-25T23:02:40.183] [DEBUG] debug-file - Update task entry:default@SyscapTransform output file:E:\lezihuawei\target\entry\build\default\intermediates\syscap\default\rpcid.sc cache.
[2026-06-25T23:02:40.183] [DEBUG] debug-file - Incremental task entry:default@SyscapTransform post-execution cost:1 ms .
[2026-06-25T23:02:40.183] [DEBUG] debug-file - There is no need to refresh cache, since the incremental task entry:default@ProcessProfile is up-to-date.
[2026-06-25T23:02:40.183] [DEBUG] debug-file - There is no need to refresh cache, since the incremental task entry:default@ProcessRouterMap is up-to-date.
[2026-06-25T23:02:40.183] [DEBUG] debug-file - There is no need to refresh cache, since the incremental task entry:default@ProcessShareConfig is up-to-date.
[2026-06-25T23:02:40.184] [DEBUG] debug-file - Update task entry:default@ProcessStartupConfig output file:E:\lezihuawei\target\entry\build\default\intermediates\startup\default\startup_config.json cache.
[2026-06-25T23:02:40.184] [DEBUG] debug-file - Incremental task entry:default@ProcessStartupConfig post-execution cost:1 ms .
[2026-06-25T23:02:40.184] [DEBUG] debug-file - There is no need to refresh cache, since the incremental task entry:default@ProcessResource is up-to-date.
[2026-06-25T23:02:40.184] [DEBUG] debug-file - There is no need to refresh cache, since the incremental task entry:default@GenerateLoaderJson is up-to-date.
[2026-06-25T23:02:40.184] [DEBUG] debug-file - There is no need to refresh cache, since the incremental task entry:default@ProcessLibs is up-to-date.
[2026-06-25T23:02:40.184] [DEBUG] debug-file - There is no need to refresh cache, since the incremental task entry:default@CompileResource is up-to-date.
[2026-06-25T23:02:40.184] [DEBUG] debug-file - There is no need to refresh cache, since the incremental task entry:default@DoNativeStrip is up-to-date.
[2026-06-25T23:02:40.184] [DEBUG] debug-file - There is no need to refresh cache, since the incremental task entry:default@CompileArkTS is up-to-date.
[2026-06-25T23:02:40.185] [DEBUG] debug-file - Update task entry:default@BuildJS input file:E:\lezihuawei\target\entry\build\default\intermediates\loader\default cache by regenerate.
[2026-06-25T23:02:40.185] [DEBUG] debug-file - Update task entry:default@BuildJS input file:E:\lezihuawei\target\entry\build\default\intermediates\res\default\ResourceTable.txt cache by regenerate.
[2026-06-25T23:02:40.185] [DEBUG] debug-file - Update task entry:default@BuildJS input file:E:\lezihuawei\target\entry\build\default\intermediates\res\default\ark_module.json cache by regenerate.
[2026-06-25T23:02:40.185] [DEBUG] debug-file - Update task entry:default@BuildJS input file:E:\lezihuawei\target\entry\build\default\intermediates\res\default\resources\base\profile cache by regenerate.
[2026-06-25T23:02:40.185] [DEBUG] debug-file - Update task entry:default@BuildJS output file:E:\lezihuawei\target\entry\build\default\intermediates\loader_out\default\js cache.
[2026-06-25T23:02:40.186] [DEBUG] debug-file - Incremental task entry:default@BuildJS post-execution cost:2 ms .
[2026-06-25T23:02:40.186] [DEBUG] debug-file - There is no need to refresh cache, since the incremental task entry:default@CacheNativeLibs is up-to-date.
[2026-06-25T23:02:40.186] [DEBUG] debug-file - There is no need to refresh cache, since the incremental task entry:default@GeneratePkgModuleJson is up-to-date.
[2026-06-25T23:02:40.186] [DEBUG] debug-file - Incremental task entry:default@ProcessCompiledResources post-execution cost:1 ms .
[2026-06-25T23:02:40.186] [DEBUG] debug-file - There is no need to refresh cache, since the incremental task entry:default@PackageHap is up-to-date.
[2026-06-25T23:02:40.186] [DEBUG] debug-file - There is no need to refresh cache, since the incremental task entry:default@SignHap is up-to-date.
[2026-06-25T23:02:40.186] [DEBUG] debug-file - Update task entry:default@CollectDebugSymbol input file:E:\lezihuawei\target\entry\build\default\intermediates\loader_out\default\ets\sourceMaps.map cache by regenerate.
[2026-06-25T23:02:40.186] [DEBUG] debug-file - Update task entry:default@CollectDebugSymbol input file:E:\lezihuawei\target\entry\build\default\intermediates\libs\default cache by regenerate.
[2026-06-25T23:02:40.186] [DEBUG] debug-file - Update task entry:default@CollectDebugSymbol output file:E:\lezihuawei\target\entry\build\default\outputs\default\symbol cache.
[2026-06-25T23:02:40.186] [DEBUG] debug-file - Incremental task entry:default@CollectDebugSymbol post-execution cost:1 ms .
[2026-06-25T23:02:40.204] [DEBUG] debug-file - Cleanup worker 0.
[2026-06-25T23:02:40.204] [DEBUG] debug-file - Worker 0 has been cleaned up.
[2026-06-25T23:02:40.204] [DEBUG] debug-file - Current idle worker size: 1.
[2026-06-25T23:02:40.204] [DEBUG] debug-file - Current resident worker size: 2.
[2026-06-25T23:02:40.204] [DEBUG] debug-file - Cleanup worker 1.
[2026-06-25T23:02:40.204] [DEBUG] debug-file - Worker 1 has been cleaned up.
[2026-06-25T23:02:40.204] [DEBUG] debug-file - Current idle worker size: 0.
[2026-06-25T23:02:40.204] [DEBUG] debug-file - Current resident worker size: 2.
[2026-06-25T23:02:40.205] [DEBUG] debug-file - hvigor build process will be closed.
[2026-06-25T23:02:40.208] [DEBUG] debug-file - session manager: send message to worker process.
[2026-06-25T23:02:40.208] [DEBUG] debug-file - session manager: send message to worker process.
[2026-06-25T23:02:40.209] [DEBUG] debug-file - worker[0] exits with exit code 1.
[2026-06-25T23:02:40.209] [DEBUG] debug-file - worker[1] exits with exit code 1.
[2026-06-25T23:02:40.210] [DEBUG] debug-file - watch worker: worker id should be larger than 0. Nothing will be sent to any worker thread.
[2026-06-25T23:02:40.210] [DEBUG] debug-file - watch worker: worker id should be larger than 0. Nothing will be sent to any worker thread.
[2026-06-25T23:04:47.611] [DEBUG] debug-file - session manager: set active socket. socketId=GR376v1RYsg9ZJR9AAAD
[2026-06-25T23:04:47.622] [DEBUG] debug-file - watch worker: worker id should be larger than 0. Nothing will be sent to any worker thread.
[2026-06-25T23:04:47.624] [DEBUG] debug-file - Workers' log level updated to INFO
[2026-06-25T23:04:47.628] [DEBUG] debug-file - Hvigor init with startParameters:{
  hvigorfileTypeCheck: false,
  parallelExecution: true,
  incrementalExecution: true,
  printStackTrace: false,
  daemon: true,
  analyze: 0,
  logLevel: Level { level: 20000, levelStr: 'INFO', colour: 'green' },
  optimizationStrategy: 'memory',
  hotCompile: undefined,
  hotReloadBuild: undefined,
  customizedParam: undefined
}
[2026-06-25T23:04:47.630] [DEBUG] debug-file - Cache service initialization finished in 3 ms 
[2026-06-25T23:04:47.631] [DEBUG] debug-file - hvigorfile, resolving E:\lezihuawei\target\hvigorfile.ts
[2026-06-25T23:04:47.670] [DEBUG] debug-file - hvigorfile, require result:  {}
[2026-06-25T23:04:47.671] [DEBUG] debug-file - hvigorfile, binding system plugins {}
[2026-06-25T23:04:47.671] [DEBUG] debug-file - Starting plugin build process
[2026-06-25T23:04:47.671] [DEBUG] debug-file - App plugin prepare start...
[2026-06-25T23:04:47.671] [DEBUG] debug-file - App plugin prepare end...
[2026-06-25T23:04:47.671] [DEBUG] debug-file - App plugin creating...
[2026-06-25T23:04:47.684] [DEBUG] debug-file - App plugin register hook start...
[2026-06-25T23:04:47.684] [DEBUG] debug-file - App plugin register hook end...
[2026-06-25T23:04:47.684] [DEBUG] debug-file - Plugin build process completed
[2026-06-25T23:04:47.685] [DEBUG] debug-file - Start initialize project's product build option map with build mode debug.
[2026-06-25T23:04:47.685] [DEBUG] debug-file - Picking option from product 'default' with build mode 'debug'.
[2026-06-25T23:04:47.685] [DEBUG] debug-file - Product 'default' build option initialized
[2026-06-25T23:04:47.685] [DEBUG] debug-file - End initialize project's product build option map with build mode 'debug'.
[2026-06-25T23:04:47.686] [DEBUG] debug-file - Obtain build option for product 'default'in this build.
[2026-06-25T23:04:47.687] [DEBUG] debug-file - E:\lezihuawei\target\build\cache\default\remote_hsp\remoteHspCache.json not exists.
[2026-06-25T23:04:47.690] [DEBUG] debug-file - Start recording SDK configuration permission data.
[2026-06-25T23:04:47.710] [DEBUG] debug-file - Sdk init in 24 ms 
[2026-06-25T23:04:47.715] [DEBUG] debug-file - Project task initialization takes 4 ms 
[2026-06-25T23:04:47.715] [DEBUG] debug-file - hvigorfile, resolve finished E:\lezihuawei\target\hvigorfile.ts
[2026-06-25T23:04:47.715] [DEBUG] debug-file - hvigorfile, resolving E:\lezihuawei\target\entry\hvigorfile.ts
[2026-06-25T23:04:47.718] [DEBUG] debug-file - hvigorfile, require result:  {}
[2026-06-25T23:04:47.718] [DEBUG] debug-file - hvigorfile, binding system plugins {}
[2026-06-25T23:04:47.718] [DEBUG] debug-file - Starting plugin build process
[2026-06-25T23:04:47.718] [DEBUG] debug-file - Hap plugin creating...
[2026-06-25T23:04:47.719] [DEBUG] debug-file - failed to load cangjie to dynamically generate schemas: Error: Cannot find module '@ohos/cangjie-build-support/index'
Require stack:
- E:\DevEco Studio\tools\hvigor\hvigor-ohos-plugin\src\plugin\hooks\cangjie-register.js
- E:\DevEco Studio\tools\hvigor\hvigor-ohos-plugin\src\plugin\strategy\stage-init-strategy.js
- E:\DevEco Studio\tools\hvigor\hvigor-ohos-plugin\src\plugin\builder\abstract-plugin-builder.js
- E:\DevEco Studio\tools\hvigor\hvigor-ohos-plugin\src\plugin\builder\app-plugin-builder.js
- E:\DevEco Studio\tools\hvigor\hvigor-ohos-plugin\src\plugin\factory\plugin-factory.js
- E:\DevEco Studio\tools\hvigor\hvigor-ohos-plugin\index.js
- E:\lezihuawei\target\hvigorfile.ts
- E:\DevEco Studio\tools\hvigor\hvigor\src\base\internal\lifecycle\configuration.js
- E:\DevEco Studio\tools\hvigor\hvigor\src\base\boot\index.js
- E:\DevEco Studio\tools\hvigor\hvigor\src\base\daemon\cluster\worker-process-lifecycle.js
- E:\DevEco Studio\tools\hvigor\hvigor\src\base\daemon\process\daemon-process-boot-script.js
[2026-06-25T23:04:47.730] [DEBUG] debug-file - Start initialize module-target build option map, moduleName=entry, buildMode=debug
[2026-06-25T23:04:47.731] [DEBUG] debug-file - Target 'default' config initialized
[2026-06-25T23:04:47.731] [DEBUG] debug-file - Module 'entry' target 'default' build option initialized
[2026-06-25T23:04:47.732] [DEBUG] debug-file - End initialize module-target build option map, moduleName=entry
[2026-06-25T23:04:47.732] [DEBUG] debug-file - Start initialize module-target build option map, moduleName=entry, buildMode=release
[2026-06-25T23:04:47.732] [DEBUG] debug-file - Target 'default' config initialized
[2026-06-25T23:04:47.732] [DEBUG] debug-file - Module 'entry' target 'default' build option initialized
[2026-06-25T23:04:47.732] [DEBUG] debug-file - End initialize module-target build option map, moduleName=entry
[2026-06-25T23:04:47.732] [DEBUG] debug-file - Start initialize module-target build option map, moduleName=entry, buildMode=debug
[2026-06-25T23:04:47.732] [DEBUG] debug-file - Target 'default' config initialized
[2026-06-25T23:04:47.732] [DEBUG] debug-file - Module 'entry' target 'default' build option initialized
[2026-06-25T23:04:47.732] [DEBUG] debug-file - End initialize module-target build option map, moduleName=entry
[2026-06-25T23:04:47.732] [DEBUG] debug-file - Obtain build option for module 'entry' target 'default'in this build.
[2026-06-25T23:04:47.735] [DEBUG] debug-file - Module entry task initialization takes 3 ms 
[2026-06-25T23:04:47.735] [DEBUG] debug-file - Hap plugin register hook start...
[2026-06-25T23:04:47.735] [DEBUG] debug-file - Hap plugin register hook end...
[2026-06-25T23:04:47.735] [DEBUG] debug-file - Plugin build process completed
[2026-06-25T23:04:47.735] [DEBUG] debug-file - hvigorfile, resolve finished E:\lezihuawei\target\entry\hvigorfile.ts
[2026-06-25T23:04:47.750] [DEBUG] debug-file - hvigorfile, resolve hvigorfile dependencies in 14 ms 
[2026-06-25T23:04:47.750] [DEBUG] debug-file - project has submodules:entry
[2026-06-25T23:04:47.751] [DEBUG] debug-file - start to load updatedOhPackageInfo to the disk
[2026-06-25T23:04:47.754] [DEBUG] debug-file - load to the disk finished
[2026-06-25T23:04:47.755] [DEBUG] debug-file - Start to initialize dependency information.
[2026-06-25T23:04:47.755] [DEBUG] debug-file - Module target Collected Dependency: 
[2026-06-25T23:04:47.755] [DEBUG] debug-file - Module target's total dependency: 0
[2026-06-25T23:04:47.756] [DEBUG] debug-file - Start to initialize dependency information.
[2026-06-25T23:04:47.758] [DEBUG] debug-file - Module entry Collected Dependency: 
[2026-06-25T23:04:47.758] [DEBUG] debug-file - Module entry's total dependency: 0
[2026-06-25T23:04:47.760] [DEBUG] debug-file - Configuration phase cost:129 ms 
[2026-06-25T23:04:47.760] [DEBUG] debug-file - Configuration task cost before running: 136 ms 
[2026-06-25T23:04:47.762] [DEBUG] debug-file - Executing task :entry:default@PreBuild
[2026-06-25T23:04:47.763] [DEBUG] debug-file - Task 'entry:default@PreBuild' cost while wrapping incremental declarations: 1 ms 
[2026-06-25T23:04:47.767] [DEBUG] debug-file - entry:default@PreBuild is not up-to-date, since the task snapshots are different.
[2026-06-25T23:04:47.767] [DEBUG] debug-file - Incremental task entry:default@PreBuild pre-execution cost: 3 ms .
[2026-06-25T23:04:47.771] [DEBUG] debug-file - current product is not Atomic service.
[2026-06-25T23:04:47.772] [DEBUG] debug-file - Use tool [win32: JAVA_HOME, CLASSPATH]
 [ { JAVA_HOME: 'E:\\DevEco Studio\\jbr' }, { CLASSPATH: undefined } ]
[2026-06-25T23:04:47.772] [DEBUG] debug-file - Use tool [win32: NODE_HOME]
 [ { NODE_HOME: 'E:\\DevEco Studio\\tools\\node' } ]
[2026-06-25T23:04:47.772] [DEBUG] debug-file - entry : default@PreBuild cost memory 0.63922119140625
[2026-06-25T23:04:47.772] [DEBUG] debug-file - runTaskFromQueue task cost before running: 147 ms 
[2026-06-25T23:04:47.773] [INFO] debug-file - Finished :entry:default@PreBuild... after 10 ms 
[2026-06-25T23:04:47.773] [DEBUG] debug-file - Executing task :entry:default@CreateModuleInfo
[2026-06-25T23:04:47.773] [DEBUG] debug-file - Task 'entry:default@CreateModuleInfo' cost while wrapping incremental declarations: 1 ms 
[2026-06-25T23:04:47.774] [DEBUG] debug-file - entry : default@CreateModuleInfo cost memory 0.04184722900390625
[2026-06-25T23:04:47.774] [DEBUG] debug-file - runTaskFromQueue task cost before running: 149 ms 
[2026-06-25T23:04:47.774] [INFO] debug-file - Finished :entry:default@CreateModuleInfo... after 1 ms 
[2026-06-25T23:04:47.776] [DEBUG] debug-file - Executing task :entry:default@GenerateMetadata
[2026-06-25T23:04:47.776] [DEBUG] debug-file - Task 'entry:default@GenerateMetadata' cost while wrapping incremental declarations: 1 ms 
[2026-06-25T23:04:47.777] [DEBUG] debug-file - Incremental task entry:default@GenerateMetadata pre-execution cost: 1 ms .
[2026-06-25T23:04:47.777] [DEBUG] debug-file - entry : default@GenerateMetadata cost memory -1.6333389282226562
[2026-06-25T23:04:47.777] [INFO] debug-file - UP-TO-DATE :entry:default@GenerateMetadata...  
[2026-06-25T23:04:47.778] [DEBUG] debug-file - Executing task :entry:default@ConfigureCmake
[2026-06-25T23:04:47.778] [DEBUG] debug-file - entry : default@ConfigureCmake cost memory 0.015167236328125
[2026-06-25T23:04:47.778] [DEBUG] debug-file - runTaskFromQueue task cost before running: 153 ms 
[2026-06-25T23:04:47.778] [INFO] debug-file - Finished :entry:default@ConfigureCmake... after 1 ms 
[2026-06-25T23:04:47.778] [DEBUG] debug-file - Executing task :entry:default@MergeProfile
[2026-06-25T23:04:47.779] [DEBUG] debug-file - Task 'entry:default@MergeProfile' cost while wrapping incremental declarations: 1 ms 
[2026-06-25T23:04:47.779] [DEBUG] debug-file - Incremental task entry:default@MergeProfile pre-execution cost: 1 ms .
[2026-06-25T23:04:47.779] [DEBUG] debug-file - entry : default@MergeProfile cost memory 0.12091827392578125
[2026-06-25T23:04:47.780] [INFO] debug-file - UP-TO-DATE :entry:default@MergeProfile...  
[2026-06-25T23:04:47.780] [DEBUG] debug-file - Executing task :entry:default@CreateBuildProfile
[2026-06-25T23:04:47.780] [DEBUG] debug-file - Task 'entry:default@CreateBuildProfile' cost while wrapping incremental declarations: 1 ms 
[2026-06-25T23:04:47.781] [DEBUG] debug-file - Incremental task entry:default@CreateBuildProfile pre-execution cost: 1 ms .
[2026-06-25T23:04:47.781] [DEBUG] debug-file - entry : default@CreateBuildProfile cost memory 0.0890350341796875
[2026-06-25T23:04:47.781] [INFO] debug-file - UP-TO-DATE :entry:default@CreateBuildProfile...  
[2026-06-25T23:04:47.781] [DEBUG] debug-file - Executing task :entry:default@PreCheckSyscap
[2026-06-25T23:04:47.782] [DEBUG] debug-file - entry : default@PreCheckSyscap cost memory 0.01493072509765625
[2026-06-25T23:04:47.782] [DEBUG] debug-file - runTaskFromQueue task cost before running: 157 ms 
[2026-06-25T23:04:47.782] [INFO] debug-file - Finished :entry:default@PreCheckSyscap... after 1 ms 
[2026-06-25T23:04:47.782] [DEBUG] debug-file - Executing task :entry:default@GeneratePkgContextInfo
[2026-06-25T23:04:47.785] [DEBUG] debug-file - Task 'entry:default@GeneratePkgContextInfo' cost while wrapping incremental declarations: 1 ms 
[2026-06-25T23:04:47.785] [DEBUG] debug-file - entry : default@GeneratePkgContextInfo cost memory 0.2505340576171875
[2026-06-25T23:04:47.785] [DEBUG] debug-file - runTaskFromQueue task cost before running: 161 ms 
[2026-06-25T23:04:47.785] [INFO] debug-file - Finished :entry:default@GeneratePkgContextInfo... after 3 ms 
[2026-06-25T23:04:47.787] [DEBUG] debug-file - Executing task :entry:default@ProcessIntegratedHsp
[2026-06-25T23:04:47.787] [DEBUG] debug-file - entry:default@ProcessIntegratedHsp is not up-to-date, since the output file 'E:\lezihuawei\target\build\cache\default\integrated_hsp\integratedHspCache.json' does not exist.
[2026-06-25T23:04:47.787] [DEBUG] debug-file - Incremental task entry:default@ProcessIntegratedHsp pre-execution cost: 1 ms .
[2026-06-25T23:04:47.787] [DEBUG] debug-file - entry : default@ProcessIntegratedHsp cost memory 0.05680084228515625
[2026-06-25T23:04:47.787] [DEBUG] debug-file - runTaskFromQueue task cost before running: 163 ms 
[2026-06-25T23:04:47.787] [INFO] debug-file - Finished :entry:default@ProcessIntegratedHsp... after 1 ms 
[2026-06-25T23:04:47.788] [DEBUG] debug-file - Executing task :entry:default@BuildNativeWithCmake
[2026-06-25T23:04:47.788] [DEBUG] debug-file - entry : default@BuildNativeWithCmake cost memory 0.0152587890625
[2026-06-25T23:04:47.788] [DEBUG] debug-file - runTaskFromQueue task cost before running: 164 ms 
[2026-06-25T23:04:47.788] [INFO] debug-file - Finished :entry:default@BuildNativeWithCmake... after 1 ms 
[2026-06-25T23:04:47.789] [DEBUG] debug-file - Executing task :entry:default@MakePackInfo
[2026-06-25T23:04:47.790] [DEBUG] debug-file - Incremental task entry:default@MakePackInfo pre-execution cost: 1 ms .
[2026-06-25T23:04:47.790] [DEBUG] debug-file - entry : default@MakePackInfo cost memory 0.10132598876953125
[2026-06-25T23:04:47.790] [INFO] debug-file - UP-TO-DATE :entry:default@MakePackInfo...  
[2026-06-25T23:04:47.791] [DEBUG] debug-file - Executing task :entry:default@SyscapTransform
[2026-06-25T23:04:47.791] [DEBUG] debug-file - File: 'E:\lezihuawei\target\entry\src\main\syscap.json' from 'sysCapJsonPath' is not exists, just ignore.
[2026-06-25T23:04:47.791] [DEBUG] debug-file - Task 'entry:default@SyscapTransform' cost while wrapping incremental declarations: 1 ms 
[2026-06-25T23:04:47.792] [DEBUG] debug-file - entry:default@SyscapTransform is not up-to-date, since the output file 'E:\lezihuawei\target\entry\build\default\intermediates\syscap\default\rpcid.sc' does not exist.
[2026-06-25T23:04:47.792] [DEBUG] debug-file - Incremental task entry:default@SyscapTransform pre-execution cost: 2 ms .
[2026-06-25T23:04:47.792] [DEBUG] debug-file - entry : default@SyscapTransform cost memory -1.1880645751953125
[2026-06-25T23:04:47.793] [DEBUG] debug-file - runTaskFromQueue task cost before running: 168 ms 
[2026-06-25T23:04:47.793] [INFO] debug-file - Finished :entry:default@SyscapTransform... after 2 ms 
[2026-06-25T23:04:47.794] [DEBUG] debug-file - Executing task :entry:default@ProcessProfile
[2026-06-25T23:04:47.794] [DEBUG] debug-file - Task 'entry:default@ProcessProfile' cost while wrapping incremental declarations: 1 ms 
[2026-06-25T23:04:47.794] [DEBUG] debug-file - Incremental task entry:default@ProcessProfile pre-execution cost: 1 ms .
[2026-06-25T23:04:47.795] [DEBUG] debug-file - entry : default@ProcessProfile cost memory 0.1281585693359375
[2026-06-25T23:04:47.795] [INFO] debug-file - UP-TO-DATE :entry:default@ProcessProfile...  
[2026-06-25T23:04:47.795] [DEBUG] debug-file - Executing task :entry:default@ProcessRouterMap
[2026-06-25T23:04:47.796] [DEBUG] debug-file - Incremental task entry:default@ProcessRouterMap pre-execution cost: 1 ms .
[2026-06-25T23:04:47.796] [DEBUG] debug-file - entry : default@ProcessRouterMap cost memory 0.1233673095703125
[2026-06-25T23:04:47.796] [INFO] debug-file - UP-TO-DATE :entry:default@ProcessRouterMap...  
[2026-06-25T23:04:47.797] [DEBUG] debug-file - Executing task :entry:default@ProcessShareConfig
[2026-06-25T23:04:47.798] [DEBUG] debug-file - Incremental task entry:default@ProcessShareConfig pre-execution cost: 1 ms .
[2026-06-25T23:04:47.798] [DEBUG] debug-file - entry : default@ProcessShareConfig cost memory 0.10037994384765625
[2026-06-25T23:04:47.798] [INFO] debug-file - UP-TO-DATE :entry:default@ProcessShareConfig...  
[2026-06-25T23:04:47.799] [DEBUG] debug-file - Executing task :entry:default@ProcessStartupConfig
[2026-06-25T23:04:47.799] [DEBUG] debug-file - Task 'entry:default@ProcessStartupConfig' cost while wrapping incremental declarations: 1 ms 
[2026-06-25T23:04:47.799] [DEBUG] debug-file - entry:default@ProcessStartupConfig is not up-to-date, since the output file 'E:\lezihuawei\target\entry\build\default\intermediates\startup\default\startup_config.json' does not exist.
[2026-06-25T23:04:47.799] [DEBUG] debug-file - Incremental task entry:default@ProcessStartupConfig pre-execution cost: 1 ms .
[2026-06-25T23:04:47.799] [DEBUG] debug-file - entry : default@ProcessStartupConfig cost memory 0.08956146240234375
[2026-06-25T23:04:47.799] [DEBUG] debug-file - runTaskFromQueue task cost before running: 175 ms 
[2026-06-25T23:04:47.799] [INFO] debug-file - Finished :entry:default@ProcessStartupConfig... after 1 ms 
[2026-06-25T23:04:47.800] [DEBUG] debug-file - Executing task :entry:default@BuildNativeWithNinja
[2026-06-25T23:04:47.800] [DEBUG] debug-file - entry : default@BuildNativeWithNinja cost memory 0.0245208740234375
[2026-06-25T23:04:47.800] [DEBUG] debug-file - runTaskFromQueue task cost before running: 176 ms 
[2026-06-25T23:04:47.800] [INFO] debug-file - Finished :entry:default@BuildNativeWithNinja... after 1 ms 
[2026-06-25T23:04:47.801] [DEBUG] debug-file - restool module names: entry; moduleName=entry, taskName=default@ProcessResource
[2026-06-25T23:04:47.802] [DEBUG] debug-file - Executing task :entry:default@ProcessResource
[2026-06-25T23:04:47.802] [DEBUG] debug-file - Task 'entry:default@ProcessResource' cost while wrapping incremental declarations: 1 ms 
[2026-06-25T23:04:47.803] [DEBUG] debug-file - Incremental task entry:default@ProcessResource pre-execution cost: 1 ms .
[2026-06-25T23:04:47.803] [DEBUG] debug-file - entry : default@ProcessResource cost memory 0.12082672119140625
[2026-06-25T23:04:47.803] [INFO] debug-file - UP-TO-DATE :entry:default@ProcessResource...  
[2026-06-25T23:04:47.804] [DEBUG] debug-file - Executing task :entry:default@GenerateLoaderJson
[2026-06-25T23:04:47.804] [DEBUG] debug-file - Task 'entry:default@GenerateLoaderJson' cost while wrapping incremental declarations: 1 ms 
[2026-06-25T23:04:47.808] [DEBUG] debug-file - Incremental task entry:default@GenerateLoaderJson pre-execution cost: 2 ms .
[2026-06-25T23:04:47.808] [DEBUG] debug-file - entry : default@GenerateLoaderJson cost memory -1.2066268920898438
[2026-06-25T23:04:47.809] [INFO] debug-file - UP-TO-DATE :entry:default@GenerateLoaderJson...  
[2026-06-25T23:04:47.810] [DEBUG] debug-file - Executing task :entry:default@ProcessLibs
[2026-06-25T23:04:47.811] [DEBUG] debug-file - Incremental task entry:default@ProcessLibs pre-execution cost: 1 ms .
[2026-06-25T23:04:47.811] [DEBUG] debug-file - entry : default@ProcessLibs cost memory 0.09435272216796875
[2026-06-25T23:04:47.811] [INFO] debug-file - UP-TO-DATE :entry:default@ProcessLibs...  
[2026-06-25T23:04:47.812] [DEBUG] debug-file - restool module names: entry; moduleName=entry, taskName=default@CompileResource
[2026-06-25T23:04:47.812] [DEBUG] debug-file - Executing task :entry:default@CompileResource
[2026-06-25T23:04:47.818] [DEBUG] debug-file - Incremental task entry:default@CompileResource pre-execution cost: 5 ms .
[2026-06-25T23:04:47.818] [DEBUG] debug-file - entry : default@CompileResource cost memory 0.5259323120117188
[2026-06-25T23:04:47.818] [INFO] debug-file - UP-TO-DATE :entry:default@CompileResource...  
[2026-06-25T23:04:47.819] [DEBUG] debug-file - Executing task :entry:default@DoNativeStrip
[2026-06-25T23:04:47.819] [DEBUG] debug-file - Task 'entry:default@DoNativeStrip' cost while wrapping incremental declarations: 1 ms 
[2026-06-25T23:04:47.819] [DEBUG] debug-file - Incremental task entry:default@DoNativeStrip pre-execution cost: 1 ms .
[2026-06-25T23:04:47.819] [DEBUG] debug-file - entry : default@DoNativeStrip cost memory 0.07537841796875
[2026-06-25T23:04:47.819] [INFO] debug-file - UP-TO-DATE :entry:default@DoNativeStrip...  
[2026-06-25T23:04:47.820] [DEBUG] debug-file - Executing task :entry:default@CompileArkTS
[2026-06-25T23:04:47.820] [DEBUG] debug-file - obfuscationOptions: undefined
[2026-06-25T23:04:47.821] [DEBUG] debug-file - Task 'entry:default@CompileArkTS' cost while wrapping incremental declarations: 1 ms 
[2026-06-25T23:04:47.826] [DEBUG] debug-file - Incremental task entry:default@CompileArkTS pre-execution cost: 5 ms .
[2026-06-25T23:04:47.826] [DEBUG] debug-file - entry : default@CompileArkTS cost memory -1.1563339233398438
[2026-06-25T23:04:47.827] [INFO] debug-file - UP-TO-DATE :entry:default@CompileArkTS...  
[2026-06-25T23:04:47.828] [DEBUG] debug-file - Executing task :entry:default@BuildJS
[2026-06-25T23:04:47.828] [DEBUG] debug-file - Task 'entry:default@BuildJS' cost while wrapping incremental declarations: 1 ms 
[2026-06-25T23:04:47.829] [DEBUG] debug-file - entry : default@BuildJS cost memory 0.1438751220703125
[2026-06-25T23:04:47.829] [DEBUG] debug-file - runTaskFromQueue task cost before running: 205 ms 
[2026-06-25T23:04:47.829] [INFO] debug-file - Finished :entry:default@BuildJS... after 2 ms 
[2026-06-25T23:04:47.830] [DEBUG] debug-file - Executing task :entry:default@CacheNativeLibs
[2026-06-25T23:04:47.830] [DEBUG] debug-file - Task 'entry:default@CacheNativeLibs' cost while wrapping incremental declarations: 1 ms 
[2026-06-25T23:04:47.831] [DEBUG] debug-file - Incremental task entry:default@CacheNativeLibs pre-execution cost: 1 ms .
[2026-06-25T23:04:47.831] [DEBUG] debug-file - entry : default@CacheNativeLibs cost memory 0.0885772705078125
[2026-06-25T23:04:47.831] [INFO] debug-file - UP-TO-DATE :entry:default@CacheNativeLibs...  
[2026-06-25T23:04:47.831] [DEBUG] debug-file - Executing task :entry:default@GeneratePkgModuleJson
[2026-06-25T23:04:47.831] [DEBUG] debug-file - File: 'E:\lezihuawei\target\entry\build\default\intermediates\preload\default\preload.json' from 'preloadSoJsonPath' is not exists, just ignore.
[2026-06-25T23:04:47.831] [DEBUG] debug-file - Error occurs while handling @Input 'shouldDeduplicateHar': The "data" argument must be of type string or an instance of Buffer, TypedArray, or DataView. Received undefined
[2026-06-25T23:04:47.831] [DEBUG] debug-file - Task 'entry:default@GeneratePkgModuleJson' cost while wrapping incremental declarations: 1 ms 
[2026-06-25T23:04:47.832] [DEBUG] debug-file - Incremental task entry:default@GeneratePkgModuleJson pre-execution cost: 1 ms .
[2026-06-25T23:04:47.832] [DEBUG] debug-file - entry : default@GeneratePkgModuleJson cost memory 0.10701751708984375
[2026-06-25T23:04:47.832] [INFO] debug-file - UP-TO-DATE :entry:default@GeneratePkgModuleJson...  
[2026-06-25T23:04:47.832] [DEBUG] debug-file - Executing task :entry:default@ProcessCompiledResources
[2026-06-25T23:04:47.832] [DEBUG] debug-file - File: 'E:\lezihuawei\target\entry\build\default\intermediates\preload\default\preload.json' from 'preloadSoJsonPath' is not exists, just ignore.
[2026-06-25T23:04:47.832] [DEBUG] debug-file - Task 'entry:default@ProcessCompiledResources' cost while wrapping incremental declarations: 1 ms 
[2026-06-25T23:04:47.833] [DEBUG] debug-file - entry : default@ProcessCompiledResources cost memory 0.05683135986328125
[2026-06-25T23:04:47.833] [DEBUG] debug-file - runTaskFromQueue task cost before running: 208 ms 
[2026-06-25T23:04:47.833] [INFO] debug-file - Finished :entry:default@ProcessCompiledResources... after 1 ms 
[2026-06-25T23:04:47.834] [DEBUG] debug-file - Executing task :entry:default@PackageHap
[2026-06-25T23:04:47.837] [DEBUG] debug-file - Incremental task entry:default@PackageHap pre-execution cost: 4 ms .
[2026-06-25T23:04:47.837] [DEBUG] debug-file - entry : default@PackageHap cost memory 0.37619781494140625
[2026-06-25T23:04:47.838] [INFO] debug-file - UP-TO-DATE :entry:default@PackageHap...  
[2026-06-25T23:04:47.839] [DEBUG] debug-file - Executing task :entry:default@PackingCheck
[2026-06-25T23:04:47.841] [DEBUG] debug-file - entry : default@PackingCheck cost memory 0.25852203369140625
[2026-06-25T23:04:47.841] [DEBUG] debug-file - runTaskFromQueue task cost before running: 217 ms 
[2026-06-25T23:04:47.841] [INFO] debug-file - Finished :entry:default@PackingCheck... after 3 ms 
[2026-06-25T23:04:47.842] [DEBUG] debug-file - Executing task :entry:default@SignHap
[2026-06-25T23:04:47.844] [DEBUG] debug-file - Incremental task entry:default@SignHap pre-execution cost: 2 ms .
[2026-06-25T23:04:47.844] [DEBUG] debug-file - entry : default@SignHap cost memory 0.11542510986328125
[2026-06-25T23:04:47.844] [INFO] debug-file - UP-TO-DATE :entry:default@SignHap...  
[2026-06-25T23:04:47.845] [DEBUG] debug-file - Executing task :entry:default@CollectDebugSymbol
[2026-06-25T23:04:47.845] [DEBUG] debug-file - entry : default@CollectDebugSymbol cost memory 0.082427978515625
[2026-06-25T23:04:47.845] [DEBUG] debug-file - runTaskFromQueue task cost before running: 221 ms 
[2026-06-25T23:04:47.845] [INFO] debug-file - Finished :entry:default@CollectDebugSymbol... after 1 ms 
[2026-06-25T23:04:47.845] [DEBUG] debug-file - Executing task :entry:assembleHap
[2026-06-25T23:04:47.846] [DEBUG] debug-file - entry : assembleHap cost memory 0.0126800537109375
[2026-06-25T23:04:47.846] [DEBUG] debug-file - runTaskFromQueue task cost before running: 221 ms 
[2026-06-25T23:04:47.846] [INFO] debug-file - Finished :entry:assembleHap... after 1 ms 
[2026-06-25T23:04:47.854] [INFO] debug-file - BUILD SUCCESSFUL in 230 ms 
[2026-06-25T23:04:47.855] [DEBUG] debug-file - Update task entry:default@PreBuild input file:E:\lezihuawei\target\AppScope\app.json5 cache by regenerate.
[2026-06-25T23:04:47.855] [DEBUG] debug-file - Update task entry:default@PreBuild input file:E:\lezihuawei\target\entry\src\main\module.json5 cache by regenerate.
[2026-06-25T23:04:47.855] [DEBUG] debug-file - Update task entry:default@PreBuild input file:E:\lezihuawei\target\build-profile.json5 cache by regenerate.
[2026-06-25T23:04:47.856] [DEBUG] debug-file - Update task entry:default@PreBuild input file:E:\lezihuawei\target\entry\build-profile.json5 cache by regenerate.
[2026-06-25T23:04:47.856] [DEBUG] debug-file - Update task entry:default@PreBuild input file:E:\lezihuawei\target\entry\src\main\resources\base\profile\main_pages.json cache by regenerate.
[2026-06-25T23:04:47.856] [DEBUG] debug-file - Update task entry:default@PreBuild input file:E:\lezihuawei\target\hvigor\hvigor-config.json5 cache by regenerate.
[2026-06-25T23:04:47.856] [DEBUG] debug-file - Update task entry:default@PreBuild input file:E:\lezihuawei\target\entry\oh-package.json5 cache by regenerate.
[2026-06-25T23:04:47.856] [DEBUG] debug-file - Update task entry:default@PreBuild input file:E:\lezihuawei\target\oh-package.json5 cache by regenerate.
[2026-06-25T23:04:47.856] [DEBUG] debug-file - Incremental task entry:default@PreBuild post-execution cost:3 ms .
[2026-06-25T23:04:47.856] [DEBUG] debug-file - Update task entry:default@CreateModuleInfo output file:E:\lezihuawei\target\entry\build\default\generated\profile\default\ModuleInfo.ts cache.
[2026-06-25T23:04:47.857] [DEBUG] debug-file - Incremental task entry:default@CreateModuleInfo post-execution cost:1 ms .
[2026-06-25T23:04:47.857] [DEBUG] debug-file - There is no need to refresh cache, since the incremental task entry:default@GenerateMetadata is up-to-date.
[2026-06-25T23:04:47.857] [DEBUG] debug-file - There is no need to refresh cache, since the incremental task entry:default@MergeProfile is up-to-date.
[2026-06-25T23:04:47.857] [DEBUG] debug-file - There is no need to refresh cache, since the incremental task entry:default@CreateBuildProfile is up-to-date.
[2026-06-25T23:04:47.857] [DEBUG] debug-file - Update task entry:default@GeneratePkgContextInfo output file:E:\lezihuawei\target\entry\build\default\intermediates\loader\default\pkgContextInfo.json cache.
[2026-06-25T23:04:47.857] [DEBUG] debug-file - Incremental task entry:default@GeneratePkgContextInfo post-execution cost:1 ms .
[2026-06-25T23:04:47.857] [DEBUG] debug-file - Update task entry:default@ProcessIntegratedHsp output file:E:\lezihuawei\target\build\cache\default\integrated_hsp\integratedHspCache.json cache.
[2026-06-25T23:04:47.857] [DEBUG] debug-file - Incremental task entry:default@ProcessIntegratedHsp post-execution cost:1 ms .
[2026-06-25T23:04:47.857] [DEBUG] debug-file - There is no need to refresh cache, since the incremental task entry:default@MakePackInfo is up-to-date.
[2026-06-25T23:04:47.857] [DEBUG] debug-file - Update task entry:default@SyscapTransform input file:E:\DevEco Studio\sdk\default\openharmony\toolchains\syscap_tool.exe cache by regenerate.
[2026-06-25T23:04:47.857] [DEBUG] debug-file - Update task entry:default@SyscapTransform input file:E:\DevEco Studio\sdk\default\openharmony\ets\api\device-define cache by regenerate.
[2026-06-25T23:04:47.858] [DEBUG] debug-file - Update task entry:default@SyscapTransform output file:E:\lezihuawei\target\entry\build\default\intermediates\syscap\default\rpcid.sc cache.
[2026-06-25T23:04:47.858] [DEBUG] debug-file - Incremental task entry:default@SyscapTransform post-execution cost:1 ms .
[2026-06-25T23:04:47.858] [DEBUG] debug-file - There is no need to refresh cache, since the incremental task entry:default@ProcessProfile is up-to-date.
[2026-06-25T23:04:47.858] [DEBUG] debug-file - There is no need to refresh cache, since the incremental task entry:default@ProcessRouterMap is up-to-date.
[2026-06-25T23:04:47.858] [DEBUG] debug-file - There is no need to refresh cache, since the incremental task entry:default@ProcessShareConfig is up-to-date.
[2026-06-25T23:04:47.858] [DEBUG] debug-file - Update task entry:default@ProcessStartupConfig output file:E:\lezihuawei\target\entry\build\default\intermediates\startup\default\startup_config.json cache.
[2026-06-25T23:04:47.858] [DEBUG] debug-file - Incremental task entry:default@ProcessStartupConfig post-execution cost:1 ms .
[2026-06-25T23:04:47.858] [DEBUG] debug-file - There is no need to refresh cache, since the incremental task entry:default@ProcessResource is up-to-date.
[2026-06-25T23:04:47.858] [DEBUG] debug-file - There is no need to refresh cache, since the incremental task entry:default@GenerateLoaderJson is up-to-date.
[2026-06-25T23:04:47.858] [DEBUG] debug-file - There is no need to refresh cache, since the incremental task entry:default@ProcessLibs is up-to-date.
[2026-06-25T23:04:47.858] [DEBUG] debug-file - There is no need to refresh cache, since the incremental task entry:default@CompileResource is up-to-date.
[2026-06-25T23:04:47.858] [DEBUG] debug-file - There is no need to refresh cache, since the incremental task entry:default@DoNativeStrip is up-to-date.
[2026-06-25T23:04:47.858] [DEBUG] debug-file - There is no need to refresh cache, since the incremental task entry:default@CompileArkTS is up-to-date.
[2026-06-25T23:04:47.859] [DEBUG] debug-file - Update task entry:default@BuildJS input file:E:\lezihuawei\target\entry\build\default\intermediates\loader\default cache by regenerate.
[2026-06-25T23:04:47.859] [DEBUG] debug-file - Update task entry:default@BuildJS input file:E:\lezihuawei\target\entry\build\default\intermediates\res\default\ResourceTable.txt cache by regenerate.
[2026-06-25T23:04:47.859] [DEBUG] debug-file - Update task entry:default@BuildJS input file:E:\lezihuawei\target\entry\build\default\intermediates\res\default\ark_module.json cache by regenerate.
[2026-06-25T23:04:47.860] [DEBUG] debug-file - Update task entry:default@BuildJS input file:E:\lezihuawei\target\entry\build\default\intermediates\res\default\resources\base\profile cache by regenerate.
[2026-06-25T23:04:47.860] [DEBUG] debug-file - Update task entry:default@BuildJS output file:E:\lezihuawei\target\entry\build\default\intermediates\loader_out\default\js cache.
[2026-06-25T23:04:47.860] [DEBUG] debug-file - Incremental task entry:default@BuildJS post-execution cost:2 ms .
[2026-06-25T23:04:47.860] [DEBUG] debug-file - There is no need to refresh cache, since the incremental task entry:default@CacheNativeLibs is up-to-date.
[2026-06-25T23:04:47.860] [DEBUG] debug-file - There is no need to refresh cache, since the incremental task entry:default@GeneratePkgModuleJson is up-to-date.
[2026-06-25T23:04:47.860] [DEBUG] debug-file - Incremental task entry:default@ProcessCompiledResources post-execution cost:1 ms .
[2026-06-25T23:04:47.860] [DEBUG] debug-file - There is no need to refresh cache, since the incremental task entry:default@PackageHap is up-to-date.
[2026-06-25T23:04:47.860] [DEBUG] debug-file - There is no need to refresh cache, since the incremental task entry:default@SignHap is up-to-date.
[2026-06-25T23:04:47.860] [DEBUG] debug-file - Update task entry:default@CollectDebugSymbol input file:E:\lezihuawei\target\entry\build\default\intermediates\loader_out\default\ets\sourceMaps.map cache by regenerate.
[2026-06-25T23:04:47.861] [DEBUG] debug-file - Update task entry:default@CollectDebugSymbol input file:E:\lezihuawei\target\entry\build\default\intermediates\libs\default cache by regenerate.
[2026-06-25T23:04:47.861] [DEBUG] debug-file - Update task entry:default@CollectDebugSymbol output file:E:\lezihuawei\target\entry\build\default\outputs\default\symbol cache.
[2026-06-25T23:04:47.861] [DEBUG] debug-file - Incremental task entry:default@CollectDebugSymbol post-execution cost:1 ms .
[2026-06-25T23:04:47.875] [DEBUG] debug-file - There's no busy workers and idle workers need cleanup.
[2026-06-25T23:04:47.876] [DEBUG] debug-file - hvigor build process will be closed.
[2026-06-25T23:04:47.880] [DEBUG] debug-file - session manager: send message to worker process.
[2026-06-25T23:04:47.880] [DEBUG] debug-file - session manager: send message to worker process.
[2026-06-25T23:04:47.880] [DEBUG] debug-file - watch worker: worker id should be larger than 0. Nothing will be sent to any worker thread.
[2026-06-25T23:04:47.880] [DEBUG] debug-file - watch worker: worker id should be larger than 0. Nothing will be sent to any worker thread.
